Subfolder,Image1,Image2,Matches_num,Good_matches_num,Good_matches_ransac_num,X_hist
"20231018_Ponder_9A_5,10",P1130677.JPG,P1130678.JPG,6456,4405,2330,"[0, 31, 36, 29, 20, 46, 26, 38, 27, 70, 83, 119, 65, 78, 65, 92, 60, 75, 47, 61, 51, 88, 47, 95, 53, 80, 58, 98, 70, 95, 51, 94, 55, 54, 55, 45, 44, 28, 57, 28, 16, 0]"
"20231018_Ponder_9A_5,10",P1130678.JPG,P1130679.JPG,6345,3990,1934,"[0, 30, 57, 113, 72, 77, 43, 54, 45, 97, 84, 95, 53, 63, 36, 92, 68, 86, 51, 59, 19, 38, 41, 57, 42, 64, 40, 42, 23, 51, 52, 70, 33, 27, 9, 0, 6, 4, 41, 0, 0, 0]"
"20231018_Ponder_9A_5,10",P1130679.JPG,P1130680.JPG,4995,2539,770,"[0, 1, 14, 43, 43, 66, 38, 42, 13, 39, 33, 34, 49, 62, 42, 24, 7, 12, 15, 51, 18, 38, 15, 0, 0, 1, 3, 17, 14, 26, 3, 3, 3, 0, 1, 0, 0, 0, 0, 0, 0, 0]"
"20231018_Ponder_9A_5,10",P1130680.JPG,P1130681.JPG,4325,1995,768,"[0, 0, 0, 6, 8, 8, 15, 41, 26, 36, 32, 44, 10, 6, 7, 17, 16, 30, 30, 37, 18, 10, 2, 0, 0, 0, 0, 0, 1, 1, 3, 13, 27, 41, 57, 52, 82, 56, 36, 0, 0, 0]"
"20231018_Ponder_9A_5,10",P1130681.JPG,P1130682.JPG,3590,1499,630,"[0, 0, 2, 28, 36, 65, 26, 12, 5, 4, 15, 12, 9, 17, 3, 14, 4, 1, 0, 1, 2, 2, 0, 0, 0, 0, 0, 0, 0, 4, 8, 17, 19, 54, 74, 65, 75, 30, 26, 0, 0, 0]"
"20231018_Ponder_9A_5,10",P1130682.JPG,P1130683.JPG,3649,1389,549,"[0, 0, 4, 10, 12, 43, 36, 57, 30, 6, 0, 0, 0, 2, 6, 13, 12, 20, 20, 15, 1, 5, 2, 0, 0, 0, 0, 0, 5, 9, 2, 4, 1, 7, 44, 52, 98, 23, 9, 1, 0, 0]"
"20231018_Ponder_9A_5,10",P1130683.JPG,P1130684.JPG,4089,1802,544,"[0, 0, 6, 5, 3, 15, 18, 39, 17, 13, 9, 32, 23, 36, 14, 21, 2, 1, 2, 12, 16, 20, 15, 27, 16, 42, 21, 27, 23, 27, 12, 21, 4, 1, 4, 0, 0, 0, 0, 0, 0, 0]"
"20231018_Ponder_9A_5,10",P1130684.JPG,P1130685.JPG,3439,1537,562,"[0, 0, 0, 0, 0, 0, 0, 9, 28, 45, 17, 30, 12, 20, 10, 8, 8, 3, 2, 2, 0, 0, 0, 0, 0, 0, 0, 0, 0, 0, 0, 0, 0, 0, 8, 37, 85, 65, 109, 64, 0, 0]"
"20231018_Ponder_9A_5,10",P1130685.JPG,P1130686.JPG,3026,1071,463,"[0, 0, 0, 0, 0, 6, 28, 44, 14, 36, 10, 11, 5, 12, 7, 1, 5, 3, 0, 0, 0, 0, 0, 0, 0, 0, 0, 0, 0, 0, 0, 0, 0, 7, 43, 46, 64, 41, 62, 18, 0, 0]"
"20231018_Ponder_9A_5,10",P1130686.JPG,P1130687.JPG,3333,1374,587,"[0, 0, 0, 0, 4, 26, 21, 9, 10, 28, 11, 16, 12, 18, 0, 2, 0, 0, 0, 0, 0, 0, 0, 0, 0, 0, 0, 0, 0, 0, 0, 0, 0, 6, 32, 55, 101, 93, 114, 29, 0, 0]"
"20231018_Ponder_9A_5,10",P1130687.JPG,P1130688.JPG,3340,1229,437,"[0, 0, 0, 0, 10, 19, 2, 12, 20, 53, 20, 19, 8, 6, 0, 0, 0, 0, 0, 3, 2, 9, 13, 32, 19, 17, 18, 35, 21, 70, 19, 10, 0, 0, 0, 0, 0, 0, 0, 0, 0, 0]"
"20231018_Ponder_9A_5,11",P1130479.JPG,P1130480.JPG,7380,5377,3113,"[21, 48, 26, 39, 47, 36, 9, 54, 51, 96, 78, 118, 83, 130, 95, 129, 96, 162, 99, 157, 116, 155, 114, 169, 99, 121, 70, 95, 57, 91, 63, 61, 75, 101, 52, 33, 39, 16, 11, 1, 0, 0]"
"20231018_Ponder_9A_5,11",P1130480.JPG,P1130481.JPG,6597,4181,2059,"[0, 11, 5, 6, 15, 28, 40, 28, 18, 32, 16, 46, 21, 48, 36, 53, 55, 56, 33, 45, 31, 81, 66, 117, 66, 122, 92, 115, 75, 89, 63, 84, 42, 70, 75, 34, 101, 68, 76, 0, 0, 0]"
"20231018_Ponder_9A_5,11",P1130481.JPG,P1130482.JPG,5536,3016,1216,"[0, 0, 1, 17, 10, 25, 9, 11, 15, 20, 21, 30, 8, 19, 15, 26, 10, 13, 14, 22, 37, 55, 43, 55, 30, 35, 19, 14, 23, 65, 46, 49, 38, 42, 96, 78, 116, 43, 33, 13, 0, 0]"
"20231018_Ponder_9A_5,11",P1130482.JPG,P1130483.JPG,5432,2948,1132,"[0, 23, 16, 7, 5, 56, 69, 73, 8, 6, 1, 2, 17, 18, 21, 18, 7, 2, 3, 3, 24, 40, 34, 24, 11, 9, 8, 13, 12, 39, 43, 62, 35, 25, 42, 56, 124, 80, 96, 0, 0, 0]"
"20231018_Ponder_9A_5,11",P1130483.JPG,P1130484.JPG,5779,3150,1162,"[0, 0, 0, 11, 13, 34, 22, 26, 6, 2, 4, 4, 8, 8, 29, 24, 7, 8, 13, 21, 29, 46, 48, 80, 29, 10, 0, 2, 2, 8, 32, 41, 48, 44, 64, 67, 133, 89, 103, 47, 0, 0]"
"20231018_Ponder_9A_5,11",P1130484.JPG,P1130485.JPG,4696,2357,1022,"[0, 0, 0, 16, 36, 31, 29, 50, 41, 37, 14, 17, 10, 17, 24, 38, 28, 77, 29, 19, 3, 1, 0, 0, 0, 0, 0, 0, 0, 0, 0, 0, 1, 28, 110, 129, 147, 49, 38, 3, 0, 0]"
"20231018_Ponder_9A_5,11",P1130485.JPG,P1130486.JPG,5010,2537,866,"[0, 0, 0, 0, 0, 0, 0, 18, 25, 42, 27, 43, 10, 32, 15, 28, 28, 23, 8, 20, 12, 21, 22, 21, 19, 10, 0, 0, 0, 0, 0, 0, 0, 0, 18, 51, 117, 85, 127, 44, 0, 0]"
"20231018_Ponder_9A_5,11",P1130486.JPG,P1130487.JPG,3363,1580,770,"[0, 2, 2, 0, 0, 0, 0, 11, 20, 14, 5, 3, 2, 0, 8, 19, 3, 7, 4, 0, 1, 0, 1, 0, 0, 0, 0, 0, 0, 0, 0, 0, 0, 0, 19, 72, 191, 128, 171, 87, 0, 0]"
"20231018_Ponder_9A_5,11",P1130487.JPG,P1130488.JPG,4915,2412,851,"[1, 5, 8, 25, 12, 11, 17, 34, 12, 9, 10, 28, 30, 59, 43, 43, 22, 21, 7, 9, 8, 15, 9, 31, 25, 52, 37, 58, 49, 58, 42, 48, 11, 2, 0, 0, 0, 0, 0, 0, 0, 0]"
"20231018_Ponder_9A_5,11",P1130488.JPG,P1130489.JPG,4176,1953,839,"[0, 0, 0, 0, 3, 33, 25, 8, 10, 36, 37, 52, 37, 15, 5, 9, 12, 14, 1, 5, 3, 5, 0, 1, 3, 1, 0, 0, 0, 0, 1, 0, 0, 0, 0, 13, 101, 106, 195, 108, 0, 0]"
"20231018_Ponder_9A_5,11",P1130489.JPG,P1130490.JPG,3765,1613,678,"[0, 0, 2, 8, 6, 6, 0, 8, 16, 31, 30, 41, 5, 4, 2, 9, 5, 5, 5, 7, 3, 1, 17, 67, 31, 14, 1, 1, 3, 3, 1, 0, 0, 0, 1, 33, 115, 106, 91, 0, 0, 0]"
"20231018_Ponder_9A_5,13",P1120978.JPG,P1120979.JPG,7023,4833,2361,"[0, 24, 45, 53, 35, 52, 41, 95, 63, 79, 61, 68, 44, 69, 36, 44, 43, 43, 41, 77, 47, 102, 59, 92, 73, 89, 58, 50, 45, 99, 68, 62, 19, 79, 49, 53, 89, 63, 81, 59, 12, 0]"
"20231018_Ponder_9A_5,13",P1120979.JPG,P1120980.JPG,7582,5694,2777,"[0, 53, 59, 49, 29, 69, 59, 67, 33, 96, 69, 94, 77, 135, 110, 178, 136, 183, 93, 151, 102, 155, 78, 97, 65, 82, 45, 37, 25, 63, 45, 40, 16, 18, 22, 9, 42, 22, 18, 35, 21, 0]"
"20231018_Ponder_9A_5,13",P1120980.JPG,P1120981.JPG,5921,3380,1056,"[0, 0, 0, 0, 0, 0, 0, 0, 4, 11, 7, 13, 9, 58, 53, 74, 38, 66, 47, 53, 52, 76, 45, 46, 9, 16, 11, 23, 13, 6, 7, 20, 21, 15, 27, 33, 71, 56, 76, 0, 0, 0]"
"20231018_Ponder_9A_5,13",P1120981.JPG,P1120982.JPG,5465,2910,1054,"[0, 0, 4, 12, 21, 41, 30, 5, 5, 13, 14, 35, 22, 42, 24, 33, 12, 5, 9, 32, 30, 63, 19, 33, 21, 40, 28, 32, 33, 37, 27, 34, 25, 57, 62, 40, 55, 33, 26, 0, 0, 0]"
"20231018_Ponder_9A_5,13",P1120982.JPG,P1120983.JPG,4259,1917,844,"[1, 8, 9, 15, 8, 7, 3, 28, 26, 36, 30, 38, 23, 16, 15, 15, 3, 2, 1, 0, 3, 1, 3, 17, 9, 13, 7, 3, 19, 35, 29, 43, 47, 83, 88, 38, 41, 37, 44, 0, 0, 0]"
"20231018_Ponder_9A_5,13",P1120983.JPG,P1120984.JPG,4853,2383,879,"[0, 4, 2, 1, 2, 2, 1, 4, 4, 17, 17, 28, 25, 44, 36, 33, 32, 56, 11, 9, 0, 2, 2, 0, 0, 0, 0, 0, 0, 0, 1, 5, 14, 87, 80, 58, 99, 55, 80, 55, 13, 0]"
"20231018_Ponder_9A_5,13",P1120984.JPG,P1120985.JPG,4888,2583,923,"[0, 18, 18, 29, 20, 52, 16, 4, 1, 2, 1, 0, 5, 5, 8, 12, 6, 24, 20, 10, 3, 0, 0, 0, 0, 0, 0, 0, 0, 0, 0, 0, 17, 91, 136, 94, 128, 80, 77, 46, 0, 0]"
"20231018_Ponder_9A_5,13",P1120985.JPG,P1120986.JPG,5274,2701,819,"[0, 2, 32, 71, 62, 52, 9, 6, 7, 12, 15, 8, 8, 3, 7, 27, 20, 44, 19, 12, 0, 0, 0, 0, 0, 0, 0, 0, 0, 0, 0, 0, 1, 12, 10, 5, 84, 88, 144, 59, 0, 0]"
"20231018_Ponder_9A_5,13",P1120986.JPG,P1120987.JPG,4698,2306,966,"[0, 43, 19, 16, 7, 2, 0, 4, 5, 1, 1, 3, 4, 22, 46, 68, 25, 20, 10, 1, 0, 0, 0, 0, 0, 0, 0, 0, 0, 0, 2, 8, 14, 55, 87, 71, 136, 108, 188, 0, 0, 0]"
"20231018_Ponder_9A_5,13",P1120987.JPG,P1120988.JPG,4391,2337,800,"[0, 0, 0, 0, 0, 0, 0, 0, 0, 2, 12, 24, 4, 3, 0, 0, 0, 0, 0, 0, 0, 7, 26, 32, 34, 77, 24, 36, 22, 20, 15, 18, 26, 55, 51, 62, 125, 66, 59, 0, 0, 0]"
"20231018_Ponder_9A_5,13",P1120988.JPG,P1120989.JPG,4385,2098,727,"[0, 15, 11, 5, 11, 28, 13, 25, 17, 6, 0, 0, 0, 0, 0, 0, 0, 0, 0, 0, 3, 9, 10, 22, 15, 26, 11, 1, 0, 1, 0, 0, 9, 11, 47, 32, 68, 97, 185, 49, 0, 0]"
"20231018_Ponder_9A_5,5",P1140756.JPG,P1140757.JPG,7265,5382,2546,"[0, 12, 7, 24, 19, 48, 31, 45, 56, 70, 50, 75, 45, 78, 47, 98, 76, 121, 86, 95, 57, 104, 59, 96, 76, 108, 75, 115, 72, 91, 39, 75, 54, 65, 79, 51, 77, 65, 83, 22, 0, 0]"
"20231018_Ponder_9A_5,5",P1140757.JPG,P1140758.JPG,6752,4416,1938,"[0, 5, 8, 47, 62, 88, 69, 96, 32, 61, 41, 73, 48, 85, 39, 68, 41, 70, 47, 70, 52, 84, 60, 99, 60, 84, 24, 41, 25, 24, 11, 12, 11, 30, 34, 29, 37, 32, 71, 48, 20, 0]"
"20231018_Ponder_9A_5,5",P1140758.JPG,P1140759.JPG,4734,2531,901,"[0, 39, 50, 26, 5, 37, 36, 48, 39, 55, 36, 52, 11, 22, 35, 77, 38, 53, 24, 21, 4, 4, 6, 17, 17, 16, 7, 8, 2, 3, 15, 44, 26, 24, 2, 2, 0, 0, 0, 0, 0, 0]"
"20231018_Ponder_9A_5,5",P1140759.JPG,P1140760.JPG,4103,1881,792,"[10, 91, 83, 135, 62, 89, 48, 55, 18, 19, 13, 5, 4, 13, 1, 23, 17, 26, 1, 5, 14, 39, 10, 11, 0, 0, 0, 0, 0, 0, 0, 0, 0, 0, 0, 0, 0, 0, 0, 0, 0, 0]"
"20231018_Ponder_9A_5,5",P1140760.JPG,P1140761.JPG,5269,2565,1197,"[0, 12, 16, 49, 31, 73, 75, 111, 44, 62, 37, 17, 3, 25, 17, 34, 39, 77, 52, 33, 4, 7, 1, 3, 9, 35, 45, 55, 36, 48, 11, 9, 4, 15, 18, 23, 25, 20, 21, 1, 0, 0]"
"20231018_Ponder_9A_5,5",P1140761.JPG,P1140762.JPG,4022,1973,838,"[0, 11, 31, 62, 74, 141, 94, 98, 24, 1, 0, 0, 0, 0, 0, 0, 0, 0, 0, 0, 0, 0, 0, 0, 0, 0, 0, 0, 0, 0, 0, 0, 0, 0, 0, 4, 56, 66, 129, 47, 0, 0]"
"20231018_Ponder_9A_5,5",P1140762.JPG,P1140763.JPG,4719,2380,785,"[0, 52, 59, 103, 63, 87, 47, 60, 30, 50, 32, 24, 11, 26, 15, 37, 23, 16, 16, 21, 9, 3, 1, 0, 0, 0, 0, 0, 0, 0, 0, 0, 0, 0, 0, 0, 0, 0, 0, 0, 0, 0]"
"20231018_Ponder_9A_5,5",P1140763.JPG,P1140764.JPG,4467,2165,1098,"[0, 74, 63, 95, 61, 121, 65, 80, 45, 39, 17, 25, 13, 17, 14, 7, 5, 5, 6, 15, 8, 9, 2, 15, 6, 0, 1, 13, 11, 14, 12, 38, 40, 67, 66, 23, 6, 0, 0, 0, 0, 0]"
"20231018_Ponder_9A_5,5",P1140764.JPG,P1140765.JPG,4699,2227,1307,"[0, 11, 39, 124, 107, 136, 78, 111, 50, 48, 14, 2, 8, 24, 16, 65, 46, 76, 31, 19, 5, 4, 4, 22, 19, 16, 14, 30, 20, 17, 13, 16, 7, 17, 49, 22, 23, 3, 1, 0, 0, 0]"
"20231018_Ponder_9A_5,5",P1140765.JPG,P1140766.JPG,4686,2319,1049,"[0, 65, 48, 84, 65, 81, 60, 98, 47, 62, 11, 25, 9, 16, 24, 70, 47, 63, 38, 40, 33, 32, 13, 14, 0, 0, 0, 2, 0, 0, 0, 1, 0, 1, 0, 0, 0, 0, 0, 0, 0, 0]"
"20231018_Ponder_9A_5,5",P1140766.JPG,P1140767.JPG,4443,2282,942,"[20, 93, 102, 175, 100, 113, 76, 70, 10, 0, 0, 0, 0, 0, 0, 0, 0, 0, 0, 0, 0, 0, 0, 1, 3, 23, 15, 12, 0, 8, 12, 37, 33, 33, 6, 0, 0, 0, 0, 0, 0, 0]"
"20231018_Ponder_9A_5,8",P1140112.JPG,P1140113.JPG,6759,4734,3001,"[14, 75, 53, 91, 39, 95, 68, 126, 71, 108, 72, 88, 63, 96, 75, 101, 70, 134, 67, 117, 72, 117, 50, 103, 51, 80, 48, 65, 41, 75, 59, 84, 51, 95, 81, 53, 67, 31, 73, 56, 26, 0]"
"20231018_Ponder_9A_5,8",P1140113.JPG,P1140114.JPG,5846,3473,1529,"[1, 60, 30, 63, 32, 58, 45, 70, 47, 57, 16, 15, 9, 11, 8, 26, 34, 60, 31, 39, 28, 37, 18, 70, 46, 87, 71, 90, 44, 43, 9, 14, 19, 47, 63, 38, 50, 23, 20, 0, 0, 0]"
"20231018_Ponder_9A_5,8",P1140114.JPG,P1140115.JPG,3147,1274,410,"[0, 2, 27, 43, 31, 34, 23, 27, 11, 2, 0, 0, 0, 0, 0, 0, 0, 0, 0, 0, 0, 0, 0, 2, 10, 29, 25, 42, 32, 38, 15, 12, 5, 0, 0, 0, 0, 0, 0, 0, 0, 0]"
"20231018_Ponder_9A_5,8",P1140115.JPG,P1140116.JPG,2156,690,224,"[0, 0, 0, 0, 0, 0, 0, 0, 0, 0, 0, 0, 0, 0, 0, 0, 0, 0, 0, 0, 0, 1, 12, 14, 16, 19, 4, 14, 15, 32, 31, 29, 8, 20, 9, 0, 0, 0, 0, 0, 0, 0]"
"20231018_Ponder_9A_5,8",P1140116.JPG,P1140117.JPG,2714,971,254,"[0, 0, 0, 0, 0, 0, 0, 0, 0, 0, 0, 0, 0, 0, 3, 4, 4, 1, 1, 2, 10, 19, 15, 22, 9, 13, 1, 1, 0, 8, 16, 53, 28, 25, 19, 0, 0, 0, 0, 0, 0, 0]"
"20231018_Ponder_9A_5,8",P1140117.JPG,P1140118.JPG,3428,1352,440,"[0, 0, 0, 0, 0, 0, 0, 0, 0, 0, 0, 0, 0, 5, 2, 10, 8, 53, 37, 42, 18, 6, 0, 0, 0, 0, 0, 0, 0, 0, 0, 0, 0, 0, 19, 28, 59, 49, 82, 22, 0, 0]"
"20231018_Ponder_9A_5,8",P1140118.JPG,P1140119.JPG,2931,965,353,"[0, 0, 0, 0, 0, 0, 2, 8, 30, 26, 11, 21, 7, 15, 1, 4, 1, 0, 0, 0, 0, 0, 3, 3, 2, 0, 0, 0, 0, 0, 0, 0, 0, 3, 26, 34, 65, 32, 59, 0, 0, 0]"
"20231018_Ponder_9A_5,8",P1140119.JPG,P1140120.JPG,2901,1055,303,"[0, 0, 0, 5, 2, 0, 0, 0, 0, 0, 0, 0, 0, 0, 0, 3, 20, 30, 9, 0, 1, 3, 0, 0, 0, 0, 0, 0, 0, 0, 0, 0, 0, 0, 6, 31, 60, 53, 80, 0, 0, 0]"
"20231018_Ponder_9A_5,8",P1140120.JPG,P1140121.JPG,2207,496,174,"[0, 0, 0, 0, 0, 0, 0, 0, 0, 0, 0, 0, 0, 0, 0, 0, 0, 0, 0, 1, 9, 20, 2, 0, 0, 0, 0, 0, 0, 2, 5, 48, 35, 20, 17, 13, 2, 0, 0, 0, 0, 0]"
"20231018_Ponder_9A_5,8",P1140121.JPG,P1140122.JPG,1748,369,144,"[0, 0, 0, 0, 0, 0, 2, 2, 0, 2, 6, 19, 19, 6, 0, 0, 0, 0, 0, 0, 0, 0, 0, 0, 0, 0, 0, 0, 0, 2, 12, 23, 16, 21, 4, 2, 8, 0, 0, 0, 0, 0]"
"20231018_Ponder_9A_5,8",P1140122.JPG,P1140123.JPG,2499,708,180,"[0, 0, 0, 0, 0, 0, 0, 0, 0, 8, 20, 26, 29, 17, 1, 1, 2, 0, 0, 0, 0, 0, 0, 0, 0, 0, 0, 0, 2, 4, 9, 6, 1, 0, 0, 8, 24, 5, 11, 6, 0, 0]"
"20231018_Ponder_9A_5,9",P1130908.JPG,P1130909.JPG,7402,5463,2706,"[1, 17, 25, 30, 27, 72, 66, 92, 56, 121, 63, 78, 51, 79, 57, 88, 45, 60, 52, 58, 49, 70, 54, 89, 57, 115, 85, 115, 71, 135, 72, 121, 84, 119, 108, 57, 80, 47, 31, 9, 0, 0]"
"20231018_Ponder_9A_5,9",P1130909.JPG,P1130910.JPG,7521,5403,2501,"[0, 0, 1, 1, 1, 0, 8, 45, 34, 135, 80, 127, 95, 151, 108, 161, 108, 112, 45, 111, 71, 107, 91, 83, 66, 77, 54, 76, 64, 85, 48, 63, 38, 62, 46, 24, 43, 25, 33, 18, 4, 0]"
"20231018_Ponder_9A_5,9",P1130910.JPG,P1130911.JPG,6271,3799,1441,"[0, 0, 31, 113, 86, 108, 76, 73, 18, 4, 5, 7, 0, 18, 24, 33, 23, 42, 16, 39, 28, 36, 15, 23, 24, 35, 30, 39, 20, 44, 21, 54, 28, 51, 52, 42, 59, 42, 58, 24, 0, 0]"
"20231018_Ponder_9A_5,9",P1130911.JPG,P1130912.JPG,5001,2758,764,"[45, 129, 85, 76, 34, 17, 0, 0, 0, 0, 0, 0, 0, 0, 0, 0, 0, 11, 11, 18, 0, 5, 17, 62, 53, 58, 12, 7, 3, 3, 12, 22, 16, 21, 35, 11, 1, 0, 0, 0, 0, 0]"
"20231018_Ponder_9A_5,9",P1130912.JPG,P1130913.JPG,3964,1576,606,"[0, 0, 0, 0, 0, 0, 0, 0, 0, 4, 9, 15, 29, 84, 33, 14, 3, 4, 12, 15, 2, 3, 0, 4, 23, 35, 12, 17, 10, 3, 0, 0, 1, 6, 14, 15, 50, 48, 141, 0, 0, 0]"
"20231018_Ponder_9A_5,9",P1130913.JPG,P1130914.JPG,3625,1640,708,"[0, 0, 0, 0, 0, 0, 0, 19, 26, 9, 0, 3, 0, 0, 0, 0, 6, 8, 14, 21, 5, 0, 0, 3, 19, 37, 34, 23, 18, 4, 0, 0, 0, 2, 13, 26, 81, 98, 182, 57, 0, 0]"
"20231018_Ponder_9A_5,9",P1130914.JPG,P1130915.JPG,4378,2227,872,"[0, 7, 22, 53, 29, 8, 0, 0, 0, 3, 5, 3, 0, 0, 0, 0, 0, 0, 0, 0, 0, 0, 0, 0, 0, 0, 0, 0, 0, 0, 0, 0, 0, 0, 40, 76, 175, 133, 194, 124, 0, 0]"
"20231018_Ponder_9A_5,9",P1130915.JPG,P1130916.JPG,3306,1207,391,"[0, 10, 40, 43, 4, 0, 0, 0, 0, 0, 0, 0, 0, 0, 0, 0, 0, 0, 0, 0, 0, 0, 0, 0, 0, 0, 0, 0, 0, 0, 0, 0, 0, 0, 13, 55, 117, 46, 33, 30, 0, 0]"
"20231018_Ponder_9A_5,9",P1130916.JPG,P1130917.JPG,4521,2183,687,"[0, 0, 0, 4, 3, 26, 39, 55, 21, 15, 10, 9, 3, 0, 0, 0, 0, 0, 2, 3, 14, 29, 44, 83, 49, 61, 23, 31, 32, 45, 23, 25, 19, 19, 0, 0, 0, 0, 0, 0, 0, 0]"
"20231018_Ponder_9A_5,9",P1130917.JPG,P1130918.JPG,2817,1116,457,"[0, 51, 31, 9, 9, 1, 0, 0, 0, 0, 0, 0, 0, 2, 0, 0, 0, 0, 0, 0, 0, 0, 0, 0, 0, 0, 0, 0, 0, 0, 0, 0, 0, 1, 17, 32, 126, 61, 108, 9, 0, 0]"
"20231018_Ponder_9A_5,9",P1130918.JPG,P1130919.JPG,3621,1570,649,"[0, 0, 68, 49, 1, 0, 0, 0, 0, 0, 0, 0, 0, 0, 0, 0, 0, 0, 0, 0, 0, 0, 0, 0, 0, 0, 0, 0, 0, 0, 0, 0, 0, 0, 15, 77, 131, 103, 133, 72, 0, 0]"
"20231018_Ponder_9A_6,11",P1130498.JPG,P1130499.JPG,7196,5148,3174,"[0, 141, 110, 146, 84, 112, 43, 39, 38, 100, 76, 109, 82, 74, 48, 72, 29, 47, 32, 97, 84, 110, 70, 108, 57, 107, 67, 104, 77, 144, 100, 134, 64, 92, 120, 51, 57, 53, 85, 11, 0, 0]"
"20231018_Ponder_9A_6,11",P1130499.JPG,P1130500.JPG,7347,5164,3407,"[0, 28, 50, 138, 81, 82, 114, 138, 61, 142, 90, 71, 78, 174, 116, 147, 68, 141, 72, 121, 71, 84, 50, 90, 56, 79, 47, 51, 36, 120, 56, 106, 86, 128, 119, 53, 86, 47, 71, 43, 16, 0]"
"20231018_Ponder_9A_6,11",P1130500.JPG,P1130501.JPG,6315,3971,1547,"[0, 20, 14, 2, 0, 11, 11, 34, 26, 33, 6, 47, 43, 88, 44, 62, 42, 39, 3, 13, 24, 41, 19, 17, 23, 24, 8, 2, 4, 48, 59, 86, 77, 83, 105, 84, 136, 76, 93, 0, 0, 0]"
"20231018_Ponder_9A_6,11",P1130501.JPG,P1130502.JPG,3520,1761,755,"[0, 8, 8, 16, 5, 21, 20, 25, 12, 9, 0, 20, 20, 11, 8, 14, 4, 1, 5, 26, 19, 10, 1, 1, 0, 0, 0, 0, 0, 0, 0, 0, 1, 8, 40, 62, 135, 105, 140, 0, 0, 0]"
"20231018_Ponder_9A_6,11",P1130502.JPG,P1130503.JPG,5279,2639,745,"[0, 126, 64, 44, 20, 10, 0, 2, 1, 1, 6, 9, 9, 8, 0, 4, 6, 18, 6, 21, 27, 25, 9, 15, 10, 25, 16, 34, 23, 58, 40, 67, 31, 10, 0, 0, 0, 0, 0, 0, 0, 0]"
"20231018_Ponder_9A_6,11",P1130503.JPG,P1130504.JPG,3920,1688,700,"[0, 0, 0, 0, 0, 1, 26, 58, 25, 35, 31, 6, 14, 15, 10, 12, 7, 14, 8, 12, 10, 32, 10, 24, 8, 17, 0, 0, 0, 0, 0, 0, 0, 0, 0, 11, 69, 77, 112, 56, 0, 0]"
"20231018_Ponder_9A_6,11",P1130504.JPG,P1130505.JPG,4596,2198,756,"[0, 0, 0, 0, 0, 0, 0, 0, 7, 59, 47, 41, 33, 35, 12, 13, 5, 13, 16, 42, 28, 33, 16, 5, 3, 17, 19, 26, 19, 59, 43, 53, 29, 31, 15, 0, 2, 0, 35, 0, 0, 0]"
"20231018_Ponder_9A_6,11",P1130505.JPG,P1130506.JPG,4469,2159,851,"[0, 92, 100, 99, 43, 25, 1, 0, 0, 0, 0, 0, 0, 0, 1, 0, 0, 2, 8, 26, 28, 19, 10, 19, 7, 14, 16, 49, 54, 62, 45, 58, 26, 24, 22, 1, 0, 0, 0, 0, 0, 0]"
"20231018_Ponder_9A_6,11",P1130506.JPG,P1130507.JPG,4036,1842,544,"[0, 0, 0, 0, 0, 0, 0, 0, 2, 2, 5, 32, 37, 47, 33, 22, 4, 10, 21, 35, 13, 9, 2, 1, 0, 2, 4, 2, 1, 0, 0, 0, 0, 0, 0, 0, 16, 50, 110, 84, 0, 0]"
"20231018_Ponder_9A_6,11",P1130507.JPG,P1130508.JPG,4161,1974,653,"[0, 23, 28, 28, 18, 4, 3, 5, 10, 3, 0, 4, 11, 23, 17, 25, 11, 11, 3, 13, 9, 2, 13, 28, 6, 2, 0, 16, 16, 21, 16, 29, 21, 28, 21, 22, 49, 31, 52, 31, 0, 0]"
"20231018_Ponder_9A_6,11",P1130508.JPG,P1130509.JPG,4110,1933,663,"[0, 0, 4, 4, 1, 5, 6, 3, 0, 28, 27, 41, 21, 22, 3, 2, 6, 22, 19, 19, 2, 0, 0, 1, 1, 12, 3, 0, 2, 0, 0, 0, 0, 0, 31, 48, 167, 95, 68, 0, 0, 0]"
"20231018_Ponder_9A_6,12",P1130232.JPG,P1130233.JPG,6701,4825,2612,"[15, 64, 61, 117, 81, 143, 106, 112, 55, 75, 34, 53, 44, 74, 57, 66, 55, 113, 94, 151, 85, 79, 58, 54, 44, 55, 38, 57, 51, 72, 52, 70, 46, 72, 62, 26, 47, 38, 36, 0, 0, 0]"
"20231018_Ponder_9A_6,12",P1130233.JPG,P1130234.JPG,6500,4058,2330,"[29, 86, 79, 110, 63, 84, 53, 89, 71, 100, 57, 78, 44, 72, 36, 44, 43, 83, 61, 77, 54, 64, 49, 75, 49, 78, 46, 71, 33, 84, 42, 40, 29, 33, 34, 25, 60, 54, 51, 0, 0, 0]"
"20231018_Ponder_9A_6,12",P1130234.JPG,P1130235.JPG,5491,2707,921,"[0, 37, 61, 73, 41, 42, 26, 44, 32, 57, 34, 41, 25, 13, 16, 17, 13, 5, 16, 29, 24, 19, 2, 15, 2, 0, 0, 0, 0, 6, 20, 49, 46, 46, 11, 18, 31, 10, 0, 0, 0, 0]"
"20231018_Ponder_9A_6,12",P1130235.JPG,P1130236.JPG,4791,2340,860,"[31, 111, 82, 112, 51, 76, 35, 22, 0, 0, 0, 0, 0, 0, 0, 0, 0, 0, 0, 1, 4, 19, 8, 6, 0, 0, 0, 0, 3, 21, 29, 70, 39, 58, 49, 17, 15, 1, 0, 0, 0, 0]"
"20231018_Ponder_9A_6,12",P1130236.JPG,P1130237.JPG,3349,1394,671,"[17, 93, 84, 117, 85, 70, 21, 5, 0, 0, 0, 0, 0, 0, 0, 0, 0, 0, 0, 0, 2, 5, 0, 0, 0, 0, 1, 12, 5, 7, 2, 7, 10, 18, 23, 21, 38, 24, 4, 0, 0, 0]"
"20231018_Ponder_9A_6,12",P1130237.JPG,P1130238.JPG,3030,1058,513,"[0, 68, 68, 83, 49, 54, 15, 13, 0, 0, 0, 0, 0, 0, 0, 0, 0, 0, 0, 1, 3, 4, 0, 0, 0, 0, 3, 14, 1, 7, 4, 3, 3, 4, 9, 21, 30, 27, 28, 1, 0, 0]"
"20231018_Ponder_9A_6,12",P1130238.JPG,P1130239.JPG,2433,1019,515,"[0, 60, 75, 133, 57, 77, 23, 6, 0, 0, 0, 0, 0, 0, 0, 0, 0, 0, 0, 0, 0, 0, 0, 0, 0, 0, 0, 0, 0, 0, 0, 0, 0, 0, 0, 0, 0, 0, 47, 37, 0, 0]"
"20231018_Ponder_9A_6,12",P1130239.JPG,P1130240.JPG,3046,1162,391,"[0, 51, 51, 25, 0, 0, 0, 0, 0, 0, 0, 0, 0, 0, 0, 0, 0, 0, 0, 1, 0, 7, 33, 56, 19, 1, 5, 23, 17, 21, 21, 18, 15, 26, 1, 0, 0, 0, 0, 0, 0, 0]"
"20231018_Ponder_9A_6,12",P1130240.JPG,P1130241.JPG,2710,908,278,"[0, 0, 24, 41, 29, 33, 5, 0, 0, 0, 0, 0, 0, 0, 0, 0, 0, 0, 0, 0, 0, 1, 7, 7, 2, 0, 5, 20, 14, 26, 20, 23, 6, 8, 6, 0, 0, 0, 1, 0, 0, 0]"
"20231018_Ponder_9A_6,12",P1130241.JPG,P1130242.JPG,3817,1410,444,"[0, 14, 7, 18, 28, 27, 4, 1, 1, 2, 4, 9, 9, 6, 17, 26, 3, 9, 0, 0, 0, 0, 0, 6, 10, 30, 19, 26, 7, 11, 13, 14, 25, 64, 34, 0, 0, 0, 0, 0, 0, 0]"
"20231018_Ponder_9A_6,12",P1130242.JPG,P1130243.JPG,3842,1564,453,"[0, 11, 10, 35, 13, 13, 8, 9, 6, 9, 4, 6, 0, 0, 3, 22, 28, 22, 15, 27, 7, 3, 0, 0, 0, 7, 8, 2, 5, 9, 2, 16, 28, 43, 58, 18, 5, 1, 0, 0, 0, 0]"
"20231018_Ponder_9A_6,13",P1120998.JPG,P1120999.JPG,7957,6105,4231,"[16, 109, 63, 129, 105, 163, 118, 173, 118, 143, 88, 107, 82, 107, 54, 103, 93, 147, 83, 127, 87, 133, 81, 134, 89, 118, 92, 140, 81, 144, 100, 132, 100, 124, 98, 66, 115, 84, 117, 60, 8, 0]"
"20231018_Ponder_9A_6,13",P1120999.JPG,P1130001.JPG,7223,4081,2101,"[2, 10, 3, 3, 1, 2, 2, 6, 9, 10, 21, 48, 25, 65, 65, 114, 46, 85, 79, 96, 56, 80, 31, 51, 33, 71, 72, 119, 35, 96, 86, 99, 68, 72, 91, 66, 92, 54, 53, 47, 37, 0]"
"20231018_Ponder_9A_6,13",P1130001.JPG,P1130002.JPG,6214,3752,1221,"[0, 55, 44, 35, 23, 37, 11, 3, 2, 3, 2, 22, 14, 12, 0, 9, 8, 21, 21, 28, 19, 5, 0, 1, 13, 27, 16, 5, 13, 7, 3, 26, 55, 95, 155, 102, 140, 77, 94, 18, 0, 0]"
"20231018_Ponder_9A_6,13",P1130002.JPG,P1130003.JPG,4697,2446,776,"[0, 0, 0, 4, 13, 20, 19, 41, 13, 7, 10, 12, 7, 3, 2, 8, 11, 18, 3, 14, 17, 26, 11, 2, 0, 0, 0, 0, 0, 0, 0, 3, 5, 75, 104, 67, 87, 70, 89, 15, 0, 0]"
"20231018_Ponder_9A_6,13",P1130003.JPG,P1130004.JPG,4416,2033,807,"[0, 0, 4, 20, 14, 25, 2, 0, 0, 0, 0, 4, 0, 0, 0, 1, 0, 0, 10, 28, 5, 3, 0, 0, 0, 0, 0, 0, 0, 0, 10, 7, 6, 58, 125, 84, 148, 110, 130, 13, 0, 0]"
"20231018_Ponder_9A_6,13",P1130004.JPG,P1130005.JPG,5046,2808,1042,"[0, 0, 0, 0, 1, 1, 0, 1, 1, 2, 0, 6, 10, 16, 24, 34, 30, 61, 28, 6, 0, 0, 0, 0, 0, 0, 0, 0, 0, 0, 0, 5, 14, 105, 152, 118, 162, 119, 126, 20, 0, 0]"
"20231018_Ponder_9A_6,13",P1130005.JPG,P1130006.JPG,4996,2585,947,"[0, 4, 13, 14, 10, 15, 0, 1, 0, 11, 8, 5, 3, 5, 4, 11, 1, 0, 0, 0, 0, 0, 0, 0, 0, 0, 0, 0, 0, 0, 4, 56, 79, 148, 158, 89, 113, 73, 101, 21, 0, 0]"
"20231018_Ponder_9A_6,13",P1130006.JPG,P1130007.JPG,3371,1423,615,"[0, 0, 0, 0, 0, 0, 0, 0, 0, 0, 0, 0, 0, 0, 2, 7, 2, 0, 1, 0, 0, 0, 0, 0, 0, 0, 0, 0, 0, 0, 0, 0, 15, 80, 127, 99, 127, 76, 79, 0, 0, 0]"
"20231018_Ponder_9A_6,13",P1130007.JPG,P1130008.JPG,4063,1790,645,"[0, 10, 20, 31, 24, 44, 25, 29, 5, 5, 0, 0, 0, 1, 0, 3, 4, 13, 2, 0, 0, 0, 0, 0, 0, 0, 0, 0, 0, 0, 0, 0, 0, 0, 26, 37, 105, 98, 163, 0, 0, 0]"
"20231018_Ponder_9A_6,13",P1130008.JPG,P1130009.JPG,4142,1793,596,"[0, 2, 3, 12, 9, 15, 26, 43, 15, 4, 0, 1, 0, 3, 1, 14, 25, 44, 20, 14, 6, 1, 0, 0, 0, 0, 0, 0, 0, 0, 0, 0, 0, 1, 3, 4, 82, 100, 148, 0, 0, 0]"
"20231018_Ponder_9A_6,13",P1130009.JPG,P1130010.JPG,4368,2149,729,"[0, 0, 0, 0, 0, 0, 0, 0, 0, 0, 0, 0, 0, 0, 0, 2, 1, 44, 50, 55, 28, 18, 3, 1, 0, 0, 0, 0, 0, 0, 0, 0, 0, 9, 54, 68, 114, 69, 136, 77, 0, 0]"
"20231018_Ponder_9A_6,15",P1120534.JPG,P1120535.JPG,7180,5283,2736,"[23, 74, 71, 117, 98, 116, 77, 116, 26, 36, 31, 68, 47, 91, 62, 94, 63, 48, 11, 36, 77, 138, 85, 132, 75, 109, 56, 78, 48, 38, 17, 42, 49, 92, 103, 55, 96, 66, 75, 0, 0, 0]"
"20231018_Ponder_9A_6,15",P1120535.JPG,P1120536.JPG,7131,4720,2266,"[0, 16, 22, 19, 5, 1, 6, 10, 6, 31, 44, 53, 39, 56, 40, 65, 42, 26, 26, 34, 23, 46, 39, 70, 42, 61, 44, 106, 98, 145, 104, 132, 81, 125, 129, 63, 136, 85, 113, 57, 26, 0]"
"20231018_Ponder_9A_6,15",P1120536.JPG,P1120537.JPG,6203,3904,1781,"[0, 0, 0, 3, 6, 35, 56, 95, 94, 129, 89, 113, 32, 45, 8, 10, 3, 1, 1, 7, 11, 16, 20, 37, 14, 57, 53, 60, 54, 59, 75, 116, 50, 91, 114, 38, 86, 37, 46, 18, 2, 0]"
"20231018_Ponder_9A_6,15",P1120537.JPG,P1120538.JPG,5487,3230,1475,"[0, 0, 0, 0, 2, 13, 11, 11, 7, 25, 13, 22, 20, 24, 8, 0, 5, 22, 42, 81, 53, 72, 16, 36, 31, 29, 15, 57, 40, 43, 27, 69, 65, 139, 158, 104, 108, 59, 48, 0, 0, 0]"
"20231018_Ponder_9A_6,15",P1120538.JPG,P1120539.JPG,4761,2583,945,"[0, 0, 0, 0, 2, 14, 13, 14, 9, 3, 3, 0, 2, 1, 0, 2, 2, 3, 18, 40, 43, 44, 8, 7, 0, 1, 0, 3, 14, 45, 46, 73, 45, 88, 103, 84, 115, 66, 34, 0, 0, 0]"
"20231018_Ponder_9A_6,15",P1120539.JPG,P1120540.JPG,3862,1924,867,"[0, 0, 0, 0, 0, 2, 3, 13, 30, 46, 18, 6, 0, 3, 1, 12, 13, 16, 8, 0, 0, 1, 4, 0, 0, 0, 0, 0, 0, 1, 9, 43, 35, 99, 151, 101, 127, 61, 64, 0, 0, 0]"
"20231018_Ponder_9A_6,15",P1120540.JPG,P1120541.JPG,5186,2738,951,"[0, 0, 0, 6, 4, 20, 32, 70, 38, 49, 12, 14, 3, 2, 5, 10, 8, 7, 4, 3, 2, 1, 0, 0, 0, 0, 0, 0, 0, 0, 0, 4, 14, 18, 44, 74, 119, 103, 172, 113, 0, 0]"
"20231018_Ponder_9A_6,15",P1120541.JPG,P1120542.JPG,4407,2080,838,"[0, 0, 0, 2, 11, 32, 10, 11, 18, 21, 15, 24, 15, 5, 2, 7, 11, 30, 23, 34, 12, 12, 6, 2, 1, 0, 0, 0, 0, 0, 0, 0, 0, 0, 31, 62, 141, 116, 184, 0, 0, 0]"
"20231018_Ponder_9A_6,15",P1120542.JPG,P1120543.JPG,3924,1783,564,"[0, 17, 83, 142, 61, 59, 10, 2, 0, 3, 1, 0, 4, 3, 0, 3, 8, 3, 6, 3, 9, 9, 0, 0, 0, 0, 0, 14, 19, 47, 28, 18, 11, 1, 0, 0, 0, 0, 0, 0, 0, 0]"
"20231018_Ponder_9A_6,15",P1120543.JPG,P1120544.JPG,3299,1470,667,"[0, 52, 78, 158, 76, 37, 2, 0, 0, 0, 0, 0, 0, 0, 0, 0, 0, 0, 0, 0, 0, 0, 0, 0, 0, 0, 0, 0, 0, 0, 0, 0, 0, 0, 25, 22, 35, 50, 94, 38, 0, 0]"
"20231018_Ponder_9A_6,15",P1120544.JPG,P1120545.JPG,4393,1955,618,"[0, 76, 66, 104, 52, 24, 0, 0, 0, 0, 0, 0, 0, 0, 0, 0, 0, 0, 0, 0, 1, 0, 3, 31, 33, 33, 7, 10, 11, 9, 17, 36, 28, 29, 27, 8, 13, 0, 0, 0, 0, 0]"
"20231018_Ponder_9A_6,3",P1150351.JPG,P1150352.JPG,7809,5856,3071,"[0, 17, 12, 42, 29, 20, 6, 23, 42, 107, 74, 103, 57, 73, 62, 94, 46, 23, 9, 8, 26, 73, 78, 169, 99, 164, 111, 176, 113, 186, 131, 175, 103, 110, 107, 85, 139, 57, 79, 43, 0, 0]"
"20231018_Ponder_9A_6,3",P1150352.JPG,P1150353.JPG,7188,5371,2857,"[4, 88, 72, 100, 81, 100, 56, 85, 57, 68, 29, 79, 64, 109, 75, 105, 66, 106, 78, 121, 83, 101, 64, 87, 69, 102, 64, 95, 51, 75, 46, 64, 43, 60, 72, 52, 65, 53, 68, 0, 0, 0]"
"20231018_Ponder_9A_6,3",P1150353.JPG,P1150354.JPG,7156,5181,3447,"[45, 128, 95, 147, 102, 130, 78, 104, 60, 103, 90, 134, 86, 133, 63, 86, 52, 93, 68, 96, 56, 88, 61, 114, 70, 104, 80, 128, 100, 146, 80, 122, 65, 90, 111, 49, 52, 22, 16, 0, 0, 0]"
"20231018_Ponder_9A_6,3",P1150354.JPG,P1150355.JPG,5790,3633,1321,"[0, 6, 4, 8, 13, 29, 27, 39, 27, 39, 52, 75, 49, 63, 40, 55, 30, 39, 23, 15, 9, 4, 9, 41, 30, 27, 31, 48, 23, 62, 50, 65, 42, 71, 56, 30, 37, 25, 28, 0, 0, 0]"
"20231018_Ponder_9A_6,3",P1150355.JPG,P1150356.JPG,5154,2654,1215,"[0, 74, 66, 104, 73, 116, 70, 95, 55, 70, 32, 39, 21, 11, 3, 6, 1, 0, 1, 0, 3, 8, 3, 12, 7, 14, 4, 7, 6, 9, 1, 14, 21, 49, 116, 71, 33, 0, 0, 0, 0, 0]"
"20231018_Ponder_9A_6,3",P1150356.JPG,P1150357.JPG,4600,2200,1036,"[0, 36, 71, 109, 64, 95, 98, 151, 78, 73, 32, 26, 6, 22, 12, 18, 8, 7, 0, 0, 0, 0, 3, 5, 6, 15, 4, 2, 0, 0, 1, 10, 18, 31, 26, 6, 3, 0, 0, 0, 0, 0]"
"20231018_Ponder_9A_6,3",P1150357.JPG,P1150358.JPG,5212,2616,1115,"[0, 94, 116, 144, 76, 79, 55, 126, 78, 82, 18, 6, 0, 1, 0, 0, 0, 3, 6, 2, 2, 9, 1, 4, 0, 11, 7, 13, 7, 9, 6, 19, 25, 54, 27, 12, 19, 4, 0, 0, 0, 0]"
"20231018_Ponder_9A_6,3",P1150358.JPG,P1150359.JPG,4685,2522,1244,"[22, 86, 68, 109, 78, 125, 93, 131, 80, 98, 54, 45, 23, 24, 10, 21, 10, 8, 8, 1, 6, 6, 0, 7, 6, 7, 1, 1, 4, 12, 20, 43, 20, 14, 2, 1, 0, 0, 0, 0, 0, 0]"
"20231018_Ponder_9A_6,3",P1150359.JPG,P1150360.JPG,4511,2427,1328,"[0, 137, 115, 156, 58, 40, 64, 128, 82, 131, 65, 34, 2, 0, 0, 0, 0, 0, 0, 0, 0, 0, 0, 0, 0, 0, 0, 15, 32, 63, 55, 64, 46, 27, 11, 3, 0, 0, 0, 0, 0, 0]"
"20231018_Ponder_9A_6,3",P1150360.JPG,P1150361.JPG,5671,3321,1742,"[38, 111, 84, 123, 86, 136, 87, 150, 102, 125, 82, 93, 26, 16, 1, 0, 0, 0, 0, 0, 0, 3, 2, 3, 5, 2, 7, 30, 31, 17, 21, 55, 32, 88, 72, 45, 42, 14, 13, 0, 0, 0]"
"20231018_Ponder_9A_6,3",P1150361.JPG,P1150362.JPG,4730,2487,1487,"[0, 57, 75, 152, 105, 142, 81, 129, 62, 106, 65, 59, 29, 9, 0, 0, 0, 0, 0, 0, 0, 0, 0, 0, 0, 0, 2, 6, 17, 27, 18, 18, 14, 27, 52, 43, 99, 74, 19, 0, 0, 0]"
"20231018_Ponder_9A_6,4",P1150056.JPG,P1150057.JPG,12600,12600,12600,"[126, 378, 252, 378, 252, 378, 252, 378, 252, 378, 252, 378, 252, 378, 252, 378, 252, 378, 252, 378, 252, 378, 252, 378, 252, 378, 252, 378, 252, 378, 252, 378, 252, 378, 378, 252, 378, 252, 378, 252, 126, 0]"
"20231018_Ponder_9A_6,4",P1150057.JPG,P1150058.JPG,10106,7255,4547,"[0, 104, 63, 116, 69, 131, 110, 172, 120, 172, 124, 205, 131, 200, 141, 202, 124, 198, 131, 157, 80, 112, 70, 109, 98, 143, 87, 143, 92, 120, 75, 103, 73, 94, 88, 68, 97, 58, 92, 60, 15, 0]"
"20231018_Ponder_9A_6,4",P1150058.JPG,P1150059.JPG,5584,3399,1981,"[17, 55, 44, 80, 51, 87, 47, 58, 40, 64, 53, 83, 51, 88, 69, 112, 50, 41, 31, 63, 41, 53, 34, 54, 53, 82, 66, 86, 48, 57, 32, 51, 33, 43, 24, 11, 15, 9, 5, 0, 0, 0]"
"20231018_Ponder_9A_6,4",P1150059.JPG,P1150060.JPG,5494,3079,1574,"[0, 47, 51, 86, 54, 55, 22, 27, 4, 33, 53, 80, 42, 83, 48, 69, 45, 30, 14, 48, 37, 65, 56, 59, 33, 52, 42, 21, 12, 7, 1, 26, 18, 28, 14, 13, 61, 50, 88, 0, 0, 0]"
"20231018_Ponder_9A_6,4",P1150060.JPG,P1150061.JPG,5001,2465,986,"[0, 15, 32, 67, 33, 47, 26, 14, 9, 25, 26, 40, 36, 43, 25, 52, 26, 30, 23, 54, 32, 63, 40, 45, 27, 8, 4, 22, 24, 40, 6, 0, 0, 0, 0, 9, 14, 11, 18, 0, 0, 0]"
"20231018_Ponder_9A_6,4",P1150061.JPG,P1150062.JPG,2986,1014,342,"[0, 0, 0, 0, 0, 0, 1, 2, 1, 6, 0, 0, 0, 1, 0, 0, 1, 4, 2, 7, 19, 10, 2, 0, 0, 0, 0, 0, 0, 0, 0, 0, 0, 0, 10, 14, 29, 48, 93, 60, 32, 0]"
"20231018_Ponder_9A_6,4",P1150062.JPG,P1150063.JPG,2578,871,347,"[0, 0, 0, 0, 0, 0, 0, 0, 0, 0, 0, 0, 0, 0, 0, 0, 0, 7, 9, 3, 2, 0, 1, 0, 0, 0, 0, 0, 0, 0, 0, 0, 0, 15, 29, 26, 37, 34, 101, 55, 28, 0]"
"20231018_Ponder_9A_6,4",P1150063.JPG,P1150064.JPG,2465,850,518,"[0, 0, 0, 0, 0, 0, 0, 0, 0, 0, 0, 0, 0, 0, 0, 0, 0, 2, 1, 0, 0, 0, 0, 0, 0, 0, 0, 0, 0, 0, 0, 0, 5, 42, 80, 54, 110, 76, 91, 57, 0, 0]"
"20231018_Ponder_9A_6,4",P1150064.JPG,P1150065.JPG,2227,784,468,"[0, 0, 0, 0, 0, 0, 0, 0, 0, 0, 0, 0, 0, 0, 0, 0, 1, 21, 6, 0, 0, 0, 0, 0, 0, 0, 0, 0, 0, 0, 0, 0, 0, 5, 17, 40, 94, 83, 127, 74, 0, 0]"
"20231018_Ponder_9A_6,4",P1150065.JPG,P1150066.JPG,1996,724,447,"[0, 0, 0, 0, 0, 0, 0, 0, 0, 0, 0, 0, 0, 0, 1, 12, 13, 21, 20, 24, 4, 2, 0, 0, 0, 1, 0, 11, 1, 8, 9, 0, 0, 0, 0, 1, 25, 56, 111, 90, 37, 0]"
"20231018_Ponder_9A_6,4",P1150066.JPG,P1150067.JPG,2775,1088,525,"[0, 0, 0, 0, 0, 0, 0, 0, 0, 0, 0, 0, 1, 6, 21, 63, 52, 62, 12, 1, 2, 2, 0, 1, 0, 1, 1, 0, 0, 0, 0, 0, 0, 0, 33, 38, 64, 60, 85, 20, 0, 0]"
"20231018_Ponder_9A_6,5",P1140775.JPG,P1140776.JPG,7119,5076,2636,"[0, 8, 3, 9, 20, 53, 60, 104, 73, 84, 8, 16, 35, 75, 79, 131, 93, 139, 77, 66, 5, 38, 53, 99, 75, 123, 88, 79, 54, 70, 20, 10, 16, 105, 118, 96, 165, 101, 118, 70, 0, 0]"
"20231018_Ponder_9A_6,5",P1140776.JPG,P1140777.JPG,5814,3442,1257,"[0, 16, 16, 26, 17, 38, 33, 60, 29, 58, 30, 51, 33, 19, 8, 13, 17, 51, 24, 27, 21, 16, 18, 50, 18, 28, 15, 22, 7, 16, 8, 22, 14, 44, 80, 50, 94, 74, 64, 21, 9, 0]"
"20231018_Ponder_9A_6,5",P1140777.JPG,P1140778.JPG,4552,2427,846,"[0, 7, 15, 32, 8, 25, 10, 4, 0, 0, 0, 2, 3, 9, 10, 15, 14, 31, 19, 13, 0, 5, 0, 0, 0, 0, 0, 0, 0, 0, 0, 10, 26, 54, 52, 42, 107, 87, 148, 86, 12, 0]"
"20231018_Ponder_9A_6,5",P1140778.JPG,P1140779.JPG,4853,2397,857,"[0, 4, 6, 10, 3, 7, 0, 0, 11, 30, 17, 49, 60, 75, 39, 22, 13, 11, 7, 3, 0, 2, 3, 1, 3, 12, 8, 14, 13, 13, 5, 19, 32, 60, 70, 46, 74, 53, 62, 0, 0, 0]"
"20231018_Ponder_9A_6,5",P1140779.JPG,P1140780.JPG,5576,3028,1018,"[18, 68, 36, 23, 20, 24, 17, 13, 9, 13, 7, 6, 7, 14, 4, 12, 8, 3, 4, 21, 20, 32, 19, 51, 29, 39, 11, 17, 20, 24, 17, 42, 41, 64, 59, 51, 72, 50, 33, 0, 0, 0]"
"20231018_Ponder_9A_6,5",P1140780.JPG,P1140781.JPG,5107,2683,989,"[33, 86, 41, 37, 18, 12, 2, 0, 0, 0, 1, 0, 0, 0, 1, 1, 0, 1, 4, 3, 5, 14, 29, 36, 32, 63, 44, 66, 35, 40, 18, 22, 30, 50, 50, 39, 75, 48, 53, 0, 0, 0]"
"20231018_Ponder_9A_6,5",P1140781.JPG,P1140782.JPG,3771,1673,654,"[0, 114, 88, 123, 49, 38, 21, 14, 1, 1, 0, 0, 6, 18, 7, 1, 0, 0, 1, 0, 0, 0, 0, 4, 6, 17, 25, 33, 8, 8, 5, 17, 20, 26, 1, 2, 0, 0, 0, 0, 0, 0]"
"20231018_Ponder_9A_6,5",P1140782.JPG,P1140783.JPG,2757,960,357,"[0, 46, 93, 67, 5, 1, 1, 0, 0, 0, 0, 0, 0, 0, 0, 0, 0, 0, 0, 0, 0, 0, 1, 1, 6, 8, 8, 8, 2, 0, 6, 12, 1, 17, 34, 19, 15, 6, 0, 0, 0, 0]"
"20231018_Ponder_9A_6,5",P1140783.JPG,P1140784.JPG,3489,1444,392,"[0, 9, 54, 59, 30, 11, 0, 0, 0, 0, 0, 0, 0, 0, 0, 0, 0, 0, 0, 0, 0, 0, 0, 0, 0, 7, 0, 0, 0, 0, 0, 0, 0, 0, 0, 1, 17, 41, 91, 54, 18, 0]"
"20231018_Ponder_9A_6,5",P1140784.JPG,P1140785.JPG,3362,1468,554,"[0, 0, 0, 0, 0, 1, 4, 12, 15, 24, 7, 6, 6, 20, 25, 31, 13, 2, 3, 0, 1, 0, 0, 0, 0, 0, 0, 0, 10, 44, 50, 110, 81, 76, 13, 0, 0, 0, 0, 0, 0, 0]"
"20231018_Ponder_9A_6,5",P1140785.JPG,P1140786.JPG,2682,965,324,"[0, 71, 24, 11, 11, 14, 7, 1, 0, 0, 0, 0, 0, 0, 0, 0, 1, 0, 0, 2, 4, 5, 11, 18, 9, 8, 1, 0, 2, 2, 15, 36, 25, 23, 16, 7, 0, 0, 0, 0, 0, 0]"
"20231018_Ponder_9A_6,8",P1140092.JPG,P1140093.JPG,5965,4194,2472,"[0, 18, 30, 58, 37, 76, 49, 78, 61, 97, 68, 96, 65, 117, 74, 101, 76, 97, 62, 60, 39, 65, 51, 90, 71, 110, 68, 62, 33, 25, 25, 68, 50, 69, 71, 42, 89, 52, 62, 10, 0, 0]"
"20231018_Ponder_9A_6,8",P1140093.JPG,P1140094.JPG,6747,4484,2180,"[0, 84, 79, 96, 69, 89, 46, 62, 26, 5, 0, 7, 13, 34, 37, 58, 54, 83, 52, 77, 53, 87, 55, 30, 13, 15, 6, 22, 23, 69, 64, 110, 82, 93, 83, 45, 110, 63, 98, 64, 24, 0]"
"20231018_Ponder_9A_6,8",P1140094.JPG,P1140095.JPG,5601,3104,1022,"[0, 13, 15, 22, 1, 4, 12, 52, 28, 22, 21, 62, 30, 38, 6, 12, 17, 48, 46, 26, 18, 33, 15, 15, 12, 21, 10, 19, 9, 8, 4, 1, 7, 31, 63, 41, 71, 83, 86, 0, 0, 0]"
"20231018_Ponder_9A_6,8",P1140095.JPG,P1140096.JPG,2743,1026,455,"[0, 0, 0, 0, 3, 13, 3, 2, 1, 1, 0, 0, 0, 0, 0, 0, 1, 8, 8, 3, 1, 1, 12, 27, 2, 0, 0, 0, 0, 0, 0, 0, 0, 23, 67, 58, 64, 50, 77, 30, 0, 0]"
"20231018_Ponder_9A_6,8",P1140096.JPG,P1140097.JPG,3200,1320,592,"[0, 1, 8, 13, 14, 27, 20, 17, 5, 0, 0, 0, 0, 0, 0, 0, 0, 1, 3, 14, 7, 18, 20, 18, 9, 17, 2, 0, 1, 1, 0, 8, 21, 45, 65, 46, 81, 58, 52, 0, 0, 0]"
"20231018_Ponder_9A_6,8",P1140097.JPG,P1140098.JPG,3644,1500,644,"[0, 12, 17, 28, 19, 23, 10, 11, 23, 14, 5, 3, 2, 4, 1, 0, 0, 6, 12, 19, 9, 22, 10, 8, 8, 6, 1, 1, 0, 0, 0, 0, 0, 9, 50, 50, 86, 54, 96, 25, 0, 0]"
"20231018_Ponder_9A_6,8",P1140098.JPG,P1140099.JPG,2873,999,347,"[0, 61, 10, 0, 0, 0, 0, 0, 0, 0, 0, 0, 0, 0, 0, 0, 0, 10, 9, 14, 6, 14, 6, 10, 7, 26, 12, 42, 38, 49, 20, 12, 1, 0, 0, 0, 0, 0, 0, 0, 0, 0]"
"20231018_Ponder_9A_6,8",P1140099.JPG,P1140100.JPG,3301,1378,450,"[0, 0, 0, 0, 0, 0, 0, 4, 22, 40, 17, 14, 5, 1, 1, 0, 2, 1, 2, 1, 13, 1, 6, 0, 5, 21, 3, 0, 0, 0, 0, 0, 0, 0, 1, 9, 78, 80, 123, 0, 0, 0]"
"20231018_Ponder_9A_6,8",P1140100.JPG,P1140101.JPG,3704,1574,534,"[0, 28, 20, 5, 0, 0, 0, 0, 0, 0, 0, 0, 0, 0, 0, 0, 0, 0, 1, 5, 8, 27, 26, 41, 49, 44, 29, 22, 12, 55, 59, 75, 20, 5, 3, 0, 0, 0, 0, 0, 0, 0]"
"20231018_Ponder_9A_6,8",P1140101.JPG,P1140102.JPG,3208,1374,416,"[0, 0, 0, 0, 14, 24, 1, 15, 22, 45, 23, 4, 0, 0, 0, 0, 0, 1, 0, 0, 0, 2, 7, 4, 2, 3, 0, 0, 0, 0, 0, 0, 0, 0, 5, 27, 51, 59, 72, 35, 0, 0]"
"20231018_Ponder_9A_6,8",P1140102.JPG,P1140103.JPG,4000,1707,542,"[0, 0, 0, 2, 3, 0, 1, 3, 8, 32, 21, 36, 23, 10, 8, 23, 28, 42, 19, 31, 12, 8, 0, 3, 2, 1, 0, 2, 4, 7, 12, 16, 22, 25, 7, 20, 33, 26, 52, 0, 0, 0]"
"20231018_Ponder_9A_5,10",P1130934.JPG,P1130935.JPG,6307,4222,2510,"[27, 101, 58, 100, 77, 116, 71, 102, 53, 74, 62, 63, 50, 87, 65, 91, 69, 105, 87, 96, 42, 27, 30, 78, 80, 127, 69, 104, 26, 33, 8, 62, 39, 70, 90, 46, 25, 0, 0, 0, 0, 0]"
"20231018_Ponder_9A_5,10",P1130935.JPG,P1130936.JPG,6131,3758,1488,"[0, 0, 0, 0, 8, 48, 41, 73, 31, 41, 23, 42, 40, 94, 71, 116, 75, 70, 30, 29, 41, 81, 41, 24, 25, 55, 42, 78, 31, 50, 45, 59, 15, 7, 13, 13, 21, 15, 0, 0, 0, 0]"
"20231018_Ponder_9A_5,10",P1130936.JPG,P1130937.JPG,4989,2417,643,"[0, 0, 0, 19, 19, 44, 34, 49, 24, 29, 21, 41, 30, 47, 12, 18, 13, 27, 19, 30, 18, 32, 22, 20, 9, 35, 15, 11, 0, 0, 0, 0, 0, 0, 2, 2, 1, 0, 0, 0, 0, 0]"
"20231018_Ponder_9A_5,10",P1130937.JPG,P1130938.JPG,5139,2594,1044,"[1, 10, 8, 18, 33, 81, 62, 80, 22, 30, 26, 60, 45, 39, 8, 1, 0, 0, 0, 0, 0, 0, 1, 0, 0, 0, 2, 4, 5, 39, 41, 82, 50, 29, 58, 58, 95, 56, 0, 0, 0, 0]"
"20231018_Ponder_9A_5,10",P1130938.JPG,P1130939.JPG,3759,1628,745,"[0, 1, 10, 51, 30, 24, 23, 33, 19, 10, 9, 13, 4, 3, 3, 0, 0, 0, 0, 0, 1, 8, 1, 2, 12, 15, 2, 12, 20, 49, 45, 81, 48, 74, 73, 40, 29, 0, 0, 0, 0, 0]"
"20231018_Ponder_9A_5,10",P1130939.JPG,P1130940.JPG,4157,1857,798,"[0, 6, 6, 9, 1, 1, 4, 38, 52, 83, 38, 37, 14, 1, 0, 5, 2, 3, 0, 0, 0, 1, 5, 10, 0, 0, 0, 0, 0, 0, 10, 36, 36, 52, 48, 27, 103, 75, 95, 0, 0, 0]"
"20231018_Ponder_9A_5,10",P1130940.JPG,P1130941.JPG,4566,2225,719,"[0, 0, 0, 0, 1, 32, 28, 88, 64, 70, 15, 26, 20, 31, 28, 38, 15, 12, 5, 5, 0, 0, 0, 0, 0, 0, 0, 0, 1, 3, 11, 11, 16, 39, 55, 32, 45, 17, 11, 0, 0, 0]"
"20231018_Ponder_9A_5,10",P1130941.JPG,P1130942.JPG,3901,1619,593,"[0, 0, 0, 9, 29, 33, 31, 28, 25, 10, 2, 5, 0, 0, 0, 0, 0, 0, 0, 0, 0, 0, 0, 0, 0, 0, 0, 0, 0, 4, 9, 23, 21, 54, 95, 65, 74, 39, 37, 0, 0, 0]"
"20231018_Ponder_9A_5,10",P1130942.JPG,P1130943.JPG,3852,1680,576,"[0, 0, 0, 11, 20, 35, 14, 37, 36, 54, 13, 7, 0, 0, 0, 0, 0, 0, 0, 0, 0, 0, 0, 0, 0, 0, 0, 0, 0, 4, 9, 28, 18, 49, 96, 61, 53, 31, 0, 0, 0, 0]"
"20231018_Ponder_9A_5,10",P1130943.JPG,P1130944.JPG,3562,1479,658,"[0, 0, 0, 5, 39, 83, 73, 92, 49, 14, 2, 0, 0, 1, 2, 0, 0, 0, 0, 0, 0, 0, 0, 0, 0, 0, 0, 0, 0, 0, 0, 22, 28, 64, 74, 22, 20, 33, 35, 0, 0, 0]"
"20231018_Ponder_9A_5,10",P1130944.JPG,P1130945.JPG,3116,1162,456,"[0, 0, 0, 9, 13, 16, 0, 5, 10, 19, 18, 15, 5, 1, 1, 0, 0, 0, 0, 0, 0, 0, 0, 0, 0, 0, 0, 0, 0, 0, 0, 6, 13, 80, 67, 27, 64, 60, 27, 0, 0, 0]"
"20231018_Ponder_9A_5,11",P1130736.JPG,P1130737.JPG,7353,5390,3354,"[18, 93, 52, 80, 62, 65, 56, 106, 52, 116, 86, 86, 73, 122, 66, 107, 65, 97, 58, 111, 81, 116, 68, 129, 90, 96, 92, 116, 74, 129, 89, 112, 76, 120, 114, 65, 94, 65, 57, 0, 0, 0]"
"20231018_Ponder_9A_5,11",P1130737.JPG,P1130738.JPG,7074,4706,2068,"[15, 79, 57, 77, 30, 14, 9, 21, 21, 39, 40, 53, 43, 62, 12, 1, 7, 49, 67, 129, 105, 103, 17, 34, 45, 77, 66, 108, 57, 27, 52, 93, 72, 99, 40, 37, 107, 73, 31, 0, 0, 0]"
"20231018_Ponder_9A_5,11",P1130738.JPG,P1130739.JPG,6635,4071,1909,"[0, 0, 4, 33, 29, 58, 39, 51, 32, 35, 33, 34, 31, 55, 34, 37, 40, 63, 42, 60, 38, 67, 31, 49, 46, 69, 40, 62, 31, 58, 63, 134, 59, 30, 66, 103, 169, 58, 26, 0, 0, 0]"
"20231018_Ponder_9A_5,11",P1130739.JPG,P1130740.JPG,5595,3003,1236,"[0, 0, 0, 0, 0, 10, 8, 37, 26, 25, 14, 25, 19, 20, 19, 37, 31, 59, 31, 39, 35, 41, 17, 39, 25, 40, 35, 40, 24, 40, 37, 64, 36, 62, 76, 61, 86, 39, 31, 8, 0, 0]"
"20231018_Ponder_9A_5,11",P1130740.JPG,P1130741.JPG,6503,3647,1283,"[0, 1, 11, 66, 61, 96, 60, 80, 14, 2, 7, 9, 29, 50, 36, 22, 1, 1, 0, 1, 3, 4, 5, 12, 1, 19, 16, 54, 42, 16, 6, 28, 37, 88, 109, 77, 108, 64, 47, 0, 0, 0]"
"20231018_Ponder_9A_5,11",P1130741.JPG,P1130742.JPG,4670,2378,978,"[0, 0, 26, 63, 22, 28, 34, 69, 47, 38, 7, 7, 2, 9, 11, 14, 11, 0, 3, 0, 0, 6, 3, 14, 8, 1, 0, 11, 19, 53, 43, 56, 21, 50, 76, 54, 94, 59, 19, 0, 0, 0]"
"20231018_Ponder_9A_5,11",P1130742.JPG,P1130743.JPG,5138,2629,1079,"[0, 0, 0, 0, 0, 23, 54, 119, 74, 84, 32, 8, 9, 13, 21, 25, 8, 1, 0, 0, 0, 0, 0, 0, 0, 0, 0, 0, 0, 2, 8, 56, 83, 111, 38, 65, 119, 74, 52, 0, 0, 0]"
"20231018_Ponder_9A_5,11",P1130743.JPG,P1130744.JPG,3554,1649,687,"[0, 0, 0, 0, 11, 44, 31, 44, 15, 9, 1, 0, 1, 13, 5, 4, 0, 0, 1, 0, 0, 0, 0, 0, 0, 0, 0, 0, 0, 0, 5, 29, 25, 35, 54, 97, 142, 79, 42, 0, 0, 0]"
"20231018_Ponder_9A_5,11",P1130744.JPG,P1130745.JPG,3774,1741,738,"[0, 0, 0, 6, 11, 7, 2, 28, 33, 41, 20, 27, 9, 0, 0, 2, 4, 0, 0, 0, 0, 0, 0, 0, 0, 0, 0, 0, 0, 0, 0, 25, 25, 56, 96, 59, 104, 91, 92, 0, 0, 0]"
"20231018_Ponder_9A_5,11",P1130745.JPG,P1130746.JPG,4101,1785,594,"[0, 0, 0, 2, 7, 42, 38, 44, 42, 50, 16, 10, 2, 2, 1, 0, 2, 13, 1, 0, 0, 0, 0, 0, 0, 0, 0, 0, 0, 0, 0, 1, 1, 26, 74, 77, 103, 40, 0, 0, 0, 0]"
"20231018_Ponder_9A_5,11",P1130746.JPG,P1130747.JPG,4685,2173,1009,"[0, 0, 0, 0, 0, 28, 46, 86, 62, 51, 17, 14, 28, 80, 36, 33, 4, 10, 15, 35, 34, 33, 0, 0, 0, 5, 7, 6, 1, 0, 0, 0, 1, 19, 32, 24, 31, 89, 145, 37, 0, 0]"
"20231018_Ponder_9A_5,13",P1130236.JPG,P1130237.JPG,7196,5250,2501,"[44, 137, 89, 129, 79, 109, 64, 129, 86, 87, 71, 88, 51, 79, 51, 64, 39, 57, 47, 70, 53, 88, 49, 38, 36, 68, 57, 77, 60, 64, 36, 81, 36, 42, 28, 17, 52, 49, 0, 0, 0, 0]"
"20231018_Ponder_9A_5,13",P1130237.JPG,P1130238.JPG,7556,5469,2363,"[16, 30, 30, 55, 39, 48, 39, 67, 15, 10, 23, 61, 41, 119, 102, 186, 125, 136, 60, 57, 27, 63, 69, 118, 72, 113, 32, 45, 30, 32, 16, 31, 23, 66, 79, 59, 100, 46, 83, 0, 0, 0]"
"20231018_Ponder_9A_5,13",P1130238.JPG,P1130239.JPG,6315,3757,1504,"[0, 24, 10, 2, 2, 8, 12, 12, 5, 21, 9, 25, 35, 73, 66, 84, 62, 101, 52, 80, 60, 78, 39, 66, 30, 41, 22, 11, 28, 67, 19, 14, 7, 39, 58, 31, 71, 66, 74, 0, 0, 0]"
"20231018_Ponder_9A_5,13",P1130239.JPG,P1130240.JPG,5759,3014,1134,"[0, 0, 29, 51, 19, 2, 0, 1, 7, 13, 9, 23, 9, 37, 41, 74, 58, 41, 6, 32, 32, 53, 31, 5, 14, 50, 31, 21, 14, 29, 18, 16, 5, 31, 84, 55, 48, 65, 80, 0, 0, 0]"
"20231018_Ponder_9A_5,13",P1130240.JPG,P1130241.JPG,4608,2161,957,"[0, 0, 5, 35, 19, 10, 36, 107, 63, 56, 10, 13, 19, 28, 24, 8, 0, 11, 1, 9, 9, 8, 8, 9, 19, 44, 21, 41, 28, 56, 21, 22, 23, 59, 39, 15, 34, 35, 12, 0, 0, 0]"
"20231018_Ponder_9A_5,13",P1130241.JPG,P1130242.JPG,4881,2448,1071,"[0, 0, 14, 33, 28, 63, 32, 29, 14, 4, 11, 57, 39, 42, 17, 6, 0, 2, 0, 0, 0, 0, 5, 7, 0, 3, 0, 9, 27, 60, 40, 49, 23, 32, 72, 70, 131, 106, 46, 0, 0, 0]"
"20231018_Ponder_9A_5,13",P1130242.JPG,P1130243.JPG,4601,2332,1125,"[0, 2, 15, 34, 23, 29, 24, 29, 26, 34, 11, 15, 4, 7, 2, 8, 3, 2, 0, 0, 0, 0, 0, 0, 0, 0, 1, 1, 0, 26, 41, 111, 93, 146, 109, 43, 101, 72, 113, 0, 0, 0]"
"20231018_Ponder_9A_5,13",P1130243.JPG,P1130244.JPG,4473,2376,1064,"[0, 0, 11, 43, 23, 6, 0, 0, 0, 26, 33, 59, 31, 28, 2, 0, 0, 0, 0, 0, 0, 0, 0, 0, 0, 0, 0, 0, 0, 6, 35, 90, 80, 126, 68, 59, 136, 90, 112, 0, 0, 0]"
"20231018_Ponder_9A_5,13",P1130244.JPG,P1130245.JPG,4695,2156,853,"[0, 1, 12, 42, 21, 15, 14, 7, 7, 1, 5, 18, 28, 51, 18, 11, 5, 0, 0, 0, 0, 0, 0, 0, 3, 0, 11, 21, 15, 26, 26, 94, 54, 91, 97, 55, 75, 29, 0, 0, 0, 0]"
"20231018_Ponder_9A_5,13",P1130245.JPG,P1130246.JPG,5392,2648,965,"[0, 0, 0, 3, 3, 8, 0, 6, 2, 17, 19, 14, 3, 7, 29, 70, 32, 21, 2, 0, 3, 0, 0, 0, 0, 0, 4, 29, 29, 83, 55, 54, 18, 84, 125, 83, 119, 36, 7, 0, 0, 0]"
"20231018_Ponder_9A_5,13",P1130246.JPG,P1130247.JPG,4224,1791,474,"[0, 23, 27, 24, 6, 6, 0, 1, 12, 32, 23, 13, 0, 4, 11, 21, 4, 7, 0, 0, 2, 0, 0, 0, 0, 0, 2, 10, 10, 7, 1, 29, 46, 72, 26, 8, 9, 27, 11, 0, 0, 0]"
"20231018_Ponder_9A_5,5",P1150014.JPG,P1150016.JPG,2931,1504,655,"[0, 14, 4, 21, 4, 10, 16, 25, 3, 2, 12, 44, 34, 42, 7, 61, 45, 42, 2, 36, 19, 13, 4, 4, 1, 0, 0, 18, 27, 28, 8, 35, 25, 21, 17, 10, 1, 0, 0, 0, 0, 0]"
"20231018_Ponder_9A_5,5",P1150016.JPG,P1150017.JPG,4107,2304,858,"[0, 25, 54, 103, 73, 69, 23, 12, 26, 62, 46, 35, 18, 14, 22, 49, 21, 16, 1, 2, 1, 0, 0, 0, 0, 0, 0, 0, 0, 0, 0, 0, 0, 0, 0, 3, 58, 60, 65, 0, 0, 0]"
"20231018_Ponder_9A_5,5",P1150017.JPG,P1150018.JPG,3903,1830,952,"[0, 155, 98, 143, 82, 77, 27, 33, 13, 8, 0, 5, 21, 48, 43, 64, 47, 65, 15, 4, 4, 0, 0, 0, 0, 0, 0, 0, 0, 0, 0, 0, 0, 0, 0, 0, 0, 0, 0, 0, 0, 0]"
"20231018_Ponder_9A_5,5",P1150018.JPG,P1150019.JPG,4017,1874,904,"[0, 93, 106, 144, 86, 100, 36, 53, 34, 18, 6, 18, 9, 72, 51, 35, 10, 2, 4, 7, 7, 0, 2, 1, 0, 1, 0, 0, 0, 0, 0, 0, 0, 3, 6, 0, 0, 0, 0, 0, 0, 0]"
"20231018_Ponder_9A_5,5",P1150019.JPG,P1150020.JPG,5060,2550,874,"[0, 155, 89, 111, 45, 43, 43, 63, 47, 36, 12, 51, 34, 28, 18, 12, 14, 20, 8, 11, 4, 2, 5, 19, 4, 0, 0, 0, 0, 0, 0, 0, 0, 0, 0, 0, 0, 0, 0, 0, 0, 0]"
"20231018_Ponder_9A_5,5",P1150020.JPG,P1150021.JPG,4434,2372,990,"[0, 139, 106, 178, 120, 79, 21, 10, 1, 0, 0, 0, 0, 0, 0, 0, 0, 0, 0, 0, 0, 0, 0, 0, 0, 0, 0, 0, 0, 0, 0, 0, 2, 23, 66, 57, 93, 59, 36, 0, 0, 0]"
"20231018_Ponder_9A_5,5",P1150021.JPG,P1150022.JPG,3781,1796,800,"[0, 92, 123, 148, 83, 104, 48, 55, 30, 17, 2, 12, 6, 29, 16, 16, 8, 0, 1, 0, 0, 4, 3, 0, 1, 1, 1, 0, 0, 0, 0, 0, 0, 0, 0, 0, 0, 0, 0, 0, 0, 0]"
"20231018_Ponder_9A_5,5",P1150022.JPG,P1150023.JPG,4269,1895,1042,"[0, 75, 81, 121, 92, 133, 99, 113, 39, 31, 20, 3, 8, 39, 31, 50, 29, 10, 1, 2, 5, 8, 6, 33, 4, 2, 0, 5, 1, 0, 0, 1, 0, 0, 0, 0, 0, 0, 0, 0, 0, 0]"
"20231018_Ponder_9A_5,5",P1150023.JPG,P1150024.JPG,4232,2157,1026,"[14, 147, 92, 156, 101, 160, 96, 71, 24, 26, 17, 12, 2, 15, 7, 3, 2, 0, 1, 4, 0, 4, 9, 12, 8, 18, 2, 12, 5, 3, 0, 1, 2, 0, 0, 0, 0, 0, 0, 0, 0, 0]"
"20231018_Ponder_9A_5,5",P1150024.JPG,P1150025.JPG,4036,1847,701,"[0, 90, 108, 150, 111, 118, 59, 19, 2, 11, 8, 12, 1, 4, 1, 4, 2, 1, 0, 0, 0, 0, 0, 0, 0, 0, 0, 0, 0, 0, 0, 0, 0, 0, 0, 0, 0, 0, 0, 0, 0, 0]"
"20231018_Ponder_9A_5,5",P1150025.JPG,P1150026.JPG,4943,2442,839,"[0, 128, 92, 162, 100, 112, 31, 13, 4, 21, 22, 38, 30, 21, 3, 5, 5, 5, 1, 12, 10, 16, 4, 2, 2, 0, 0, 0, 0, 0, 0, 0, 0, 0, 0, 0, 0, 0, 0, 0, 0, 0]"
"20231018_Ponder_9A_5,8",P1140368.JPG,P1140369.JPG,5955,3949,2186,"[4, 24, 13, 34, 42, 67, 56, 43, 41, 47, 28, 46, 48, 101, 67, 111, 60, 73, 45, 51, 47, 107, 74, 83, 65, 56, 8, 44, 66, 123, 90, 95, 38, 21, 74, 59, 75, 39, 21, 0, 0, 0]"
"20231018_Ponder_9A_5,8",P1140369.JPG,P1140370.JPG,6172,4086,2413,"[30, 116, 71, 124, 69, 99, 56, 73, 54, 89, 58, 63, 63, 91, 57, 89, 35, 61, 56, 94, 66, 106, 59, 79, 60, 74, 55, 67, 35, 39, 39, 65, 32, 68, 57, 37, 22, 5, 0, 0, 0, 0]"
"20231018_Ponder_9A_5,8",P1140370.JPG,P1140371.JPG,5789,3218,1560,"[16, 87, 59, 103, 69, 74, 52, 78, 39, 41, 15, 18, 21, 61, 55, 86, 41, 46, 18, 38, 44, 70, 37, 61, 13, 17, 20, 51, 17, 21, 13, 6, 5, 38, 37, 40, 38, 13, 2, 0, 0, 0]"
"20231018_Ponder_9A_5,8",P1140371.JPG,P1140372.JPG,4303,1888,575,"[0, 0, 0, 0, 0, 3, 10, 34, 14, 31, 17, 18, 18, 19, 14, 7, 18, 5, 0, 0, 0, 2, 0, 0, 1, 0, 0, 7, 0, 1, 0, 9, 8, 42, 64, 45, 70, 47, 66, 5, 0, 0]"
"20231018_Ponder_9A_5,8",P1140372.JPG,P1140373.JPG,2843,1007,307,"[0, 0, 0, 0, 0, 0, 0, 0, 0, 0, 0, 0, 0, 1, 4, 4, 0, 0, 0, 0, 0, 0, 0, 0, 0, 0, 0, 0, 0, 0, 0, 0, 2, 25, 50, 36, 68, 44, 69, 4, 0, 0]"
"20231018_Ponder_9A_5,8",P1140373.JPG,P1140374.JPG,3353,1171,376,"[0, 6, 5, 8, 18, 29, 15, 16, 8, 8, 3, 15, 6, 5, 0, 0, 1, 0, 3, 2, 4, 1, 0, 0, 0, 0, 0, 0, 0, 0, 5, 22, 4, 22, 57, 38, 59, 14, 2, 0, 0, 0]"
"20231018_Ponder_9A_5,8",P1140374.JPG,P1140375.JPG,3314,1289,501,"[0, 3, 14, 41, 41, 59, 16, 17, 10, 17, 8, 3, 2, 0, 0, 2, 0, 0, 1, 2, 0, 0, 0, 0, 0, 0, 2, 1, 0, 1, 13, 31, 22, 27, 42, 33, 53, 37, 3, 0, 0, 0]"
"20231018_Ponder_9A_5,8",P1140375.JPG,P1140376.JPG,4067,1691,665,"[0, 0, 4, 46, 51, 87, 52, 49, 4, 1, 1, 1, 0, 0, 0, 0, 0, 0, 0, 0, 0, 0, 0, 0, 0, 0, 0, 0, 0, 0, 1, 23, 28, 55, 44, 20, 88, 60, 50, 0, 0, 0]"
"20231018_Ponder_9A_5,8",P1140376.JPG,P1140377.JPG,3261,1290,567,"[0, 1, 1, 7, 5, 2, 2, 21, 26, 35, 17, 13, 3, 6, 3, 5, 0, 0, 0, 0, 0, 0, 0, 0, 0, 0, 0, 0, 0, 11, 28, 65, 47, 23, 63, 55, 90, 38, 0, 0, 0, 0]"
"20231018_Ponder_9A_5,8",P1140377.JPG,P1140378.JPG,2500,660,285,"[0, 0, 0, 0, 0, 0, 0, 4, 10, 18, 19, 14, 8, 1, 0, 0, 0, 0, 0, 0, 0, 0, 0, 0, 0, 0, 0, 0, 0, 0, 2, 2, 0, 9, 54, 46, 39, 16, 43, 0, 0, 0]"
"20231018_Ponder_9A_5,8",P1140378.JPG,P1140379.JPG,1910,402,162,"[0, 0, 0, 0, 1, 9, 8, 11, 2, 2, 2, 4, 0, 1, 1, 0, 0, 0, 0, 0, 0, 0, 0, 0, 0, 0, 0, 0, 0, 0, 0, 0, 0, 0, 0, 3, 12, 30, 62, 14, 0, 0]"
"20231018_Ponder_9A_5,9",P1140166.JPG,P1140167.JPG,7656,5685,2964,"[0, 5, 11, 39, 48, 157, 110, 149, 78, 109, 68, 109, 84, 126, 38, 25, 8, 39, 36, 82, 54, 123, 89, 134, 64, 60, 10, 56, 73, 143, 117, 167, 90, 98, 76, 56, 75, 64, 94, 0, 0, 0]"
"20231018_Ponder_9A_5,9",P1140167.JPG,P1140168.JPG,7819,5786,2895,"[29, 113, 69, 78, 42, 72, 39, 56, 55, 97, 61, 84, 66, 72, 59, 53, 42, 92, 62, 107, 73, 117, 69, 112, 94, 120, 85, 126, 79, 121, 71, 101, 67, 110, 91, 38, 41, 17, 15, 0, 0, 0]"
"20231018_Ponder_9A_5,9",P1140168.JPG,P1140169.JPG,6720,4482,1851,"[0, 155, 109, 153, 102, 76, 13, 18, 27, 81, 53, 42, 7, 21, 15, 19, 10, 16, 4, 20, 28, 65, 44, 56, 14, 43, 31, 40, 16, 18, 44, 72, 48, 48, 50, 75, 136, 58, 24, 0, 0, 0]"
"20231018_Ponder_9A_5,9",P1140169.JPG,P1140170.JPG,5628,2932,731,"[0, 0, 0, 0, 0, 0, 0, 14, 26, 49, 29, 41, 18, 35, 19, 37, 21, 13, 12, 17, 8, 12, 0, 0, 0, 0, 0, 0, 0, 0, 3, 2, 8, 29, 21, 31, 80, 78, 74, 54, 0, 0]"
"20231018_Ponder_9A_5,9",P1140170.JPG,P1140171.JPG,4269,1956,759,"[0, 0, 0, 0, 1, 19, 14, 39, 31, 41, 20, 35, 17, 23, 20, 13, 8, 22, 11, 15, 1, 0, 0, 1, 2, 1, 0, 0, 0, 1, 0, 5, 25, 42, 44, 52, 101, 86, 69, 0, 0, 0]"
"20231018_Ponder_9A_5,9",P1140171.JPG,P1140172.JPG,5303,2528,791,"[0, 0, 0, 12, 7, 8, 5, 34, 39, 44, 26, 40, 18, 19, 29, 57, 24, 33, 7, 1, 2, 6, 0, 0, 0, 0, 0, 3, 10, 9, 2, 24, 43, 82, 94, 38, 45, 30, 0, 0, 0, 0]"
"20231018_Ponder_9A_5,9",P1140172.JPG,P1140173.JPG,4143,1987,789,"[0, 0, 0, 13, 19, 51, 17, 19, 12, 9, 18, 3, 0, 4, 4, 22, 12, 16, 8, 0, 0, 0, 0, 0, 0, 0, 0, 0, 0, 12, 27, 77, 71, 115, 115, 55, 59, 31, 0, 0, 0, 0]"
"20231018_Ponder_9A_5,9",P1140173.JPG,P1140174.JPG,4090,2037,932,"[0, 0, 0, 0, 10, 68, 67, 33, 0, 0, 0, 2, 4, 1, 0, 3, 0, 0, 0, 0, 0, 0, 0, 0, 0, 0, 0, 0, 0, 0, 1, 24, 55, 121, 98, 56, 137, 111, 141, 0, 0, 0]"
"20231018_Ponder_9A_5,9",P1140174.JPG,P1140175.JPG,4161,2009,726,"[0, 92, 83, 52, 6, 1, 0, 0, 0, 0, 0, 0, 0, 0, 0, 0, 0, 0, 0, 0, 0, 0, 0, 0, 0, 0, 0, 0, 0, 0, 0, 10, 30, 95, 146, 83, 74, 15, 39, 0, 0, 0]"
"20231018_Ponder_9A_5,9",P1140175.JPG,P1140176.JPG,3933,1936,726,"[0, 0, 0, 2, 12, 44, 21, 17, 9, 17, 5, 5, 0, 6, 3, 20, 0, 0, 0, 0, 0, 0, 0, 0, 0, 0, 0, 0, 2, 42, 41, 51, 49, 87, 105, 63, 72, 42, 11, 0, 0, 0]"
"20231018_Ponder_9A_5,9",P1140176.JPG,P1140177.JPG,3783,1816,748,"[0, 0, 0, 2, 6, 34, 23, 50, 29, 23, 2, 0, 0, 0, 3, 10, 1, 0, 0, 0, 0, 0, 0, 0, 0, 0, 0, 0, 0, 1, 13, 49, 60, 113, 146, 92, 74, 17, 0, 0, 0, 0]"
"20231018_Ponder_9A_6,11",P1130755.JPG,P1130756.JPG,7198,5266,2564,"[0, 0, 62, 136, 113, 128, 66, 74, 50, 95, 56, 55, 34, 58, 56, 100, 28, 22, 29, 97, 54, 71, 14, 103, 92, 116, 41, 44, 62, 79, 41, 19, 55, 103, 90, 16, 113, 95, 97, 0, 0, 0]"
"20231018_Ponder_9A_6,11",P1130756.JPG,P1130757.JPG,7643,5546,2781,"[24, 66, 48, 62, 32, 60, 59, 107, 84, 122, 65, 104, 53, 68, 16, 77, 59, 75, 40, 64, 52, 51, 25, 27, 13, 43, 38, 80, 85, 150, 117, 181, 119, 169, 145, 92, 76, 23, 10, 0, 0, 0]"
"20231018_Ponder_9A_6,11",P1130757.JPG,P1130758.JPG,6102,3718,1553,"[0, 0, 3, 17, 16, 21, 19, 51, 56, 80, 54, 87, 44, 64, 38, 32, 12, 18, 21, 45, 31, 39, 4, 4, 8, 28, 15, 23, 23, 67, 65, 76, 43, 86, 118, 64, 95, 86, 0, 0, 0, 0]"
"20231018_Ponder_9A_6,11",P1130758.JPG,P1130759.JPG,3954,1824,709,"[0, 7, 19, 24, 34, 59, 34, 56, 30, 21, 19, 45, 17, 20, 0, 1, 0, 7, 9, 9, 0, 0, 0, 0, 0, 0, 0, 0, 0, 3, 7, 14, 6, 38, 58, 57, 70, 22, 23, 0, 0, 0]"
"20231018_Ponder_9A_6,11",P1130759.JPG,P1130760.JPG,5683,3026,948,"[0, 0, 0, 8, 6, 8, 13, 31, 39, 54, 37, 49, 38, 64, 59, 67, 34, 37, 32, 43, 12, 7, 0, 0, 0, 0, 0, 0, 0, 0, 0, 0, 0, 13, 46, 38, 29, 51, 103, 30, 0, 0]"
"20231018_Ponder_9A_6,11",P1130760.JPG,P1130761.JPG,4350,1974,738,"[0, 0, 0, 0, 0, 25, 33, 29, 9, 29, 53, 83, 37, 29, 8, 7, 11, 24, 28, 22, 12, 2, 0, 0, 0, 0, 0, 0, 0, 0, 0, 0, 2, 20, 56, 48, 80, 47, 44, 0, 0, 0]"
"20231018_Ponder_9A_6,11",P1130761.JPG,P1130762.JPG,5431,2931,1280,"[0, 0, 0, 0, 2, 5, 5, 33, 65, 113, 80, 64, 19, 8, 14, 56, 32, 58, 24, 20, 1, 20, 37, 46, 30, 44, 8, 3, 15, 35, 19, 19, 2, 3, 26, 63, 135, 90, 86, 0, 0, 0]"
"20231018_Ponder_9A_6,11",P1130762.JPG,P1130763.JPG,4454,2174,692,"[0, 0, 0, 0, 0, 0, 3, 9, 15, 45, 34, 34, 18, 3, 4, 9, 9, 48, 33, 36, 17, 10, 12, 20, 21, 21, 0, 0, 3, 3, 3, 1, 0, 0, 25, 77, 111, 46, 22, 0, 0, 0]"
"20231018_Ponder_9A_6,11",P1130763.JPG,P1130764.JPG,4254,2035,598,"[50, 141, 80, 99, 23, 0, 0, 0, 0, 0, 0, 0, 0, 10, 11, 11, 8, 6, 8, 6, 1, 10, 15, 26, 20, 6, 14, 29, 17, 7, 0, 0, 0, 0, 0, 0, 0, 0, 0, 0, 0, 0]"
"20231018_Ponder_9A_6,11",P1130764.JPG,P1130765.JPG,4097,1970,642,"[0, 118, 119, 121, 22, 1, 0, 0, 0, 0, 0, 0, 0, 0, 0, 0, 0, 0, 0, 0, 1, 0, 0, 0, 0, 0, 0, 0, 0, 0, 0, 0, 0, 0, 4, 24, 93, 94, 45, 0, 0, 0]"
"20231018_Ponder_9A_6,11",P1130765.JPG,P1130766.JPG,5037,2569,948,"[0, 0, 0, 0, 0, 1, 4, 46, 45, 62, 38, 74, 58, 95, 40, 51, 22, 15, 6, 2, 0, 0, 0, 0, 0, 0, 0, 0, 0, 0, 4, 14, 19, 21, 20, 30, 45, 58, 96, 58, 24, 0]"
"20231018_Ponder_9A_6,12",P1130489.JPG,P1130490.JPG,6516,4360,2275,"[0, 40, 42, 56, 28, 64, 62, 99, 66, 107, 50, 77, 60, 103, 61, 91, 55, 118, 91, 95, 63, 103, 56, 61, 33, 57, 55, 83, 39, 70, 49, 80, 49, 46, 12, 10, 27, 17, 0, 0, 0, 0]"
"20231018_Ponder_9A_6,12",P1130490.JPG,P1130491.JPG,6465,4219,2316,"[1, 20, 63, 151, 99, 133, 81, 74, 12, 46, 70, 97, 57, 81, 25, 18, 43, 119, 101, 174, 98, 63, 13, 36, 49, 84, 46, 50, 15, 33, 45, 93, 47, 53, 17, 10, 67, 32, 0, 0, 0, 0]"
"20231018_Ponder_9A_6,12",P1130491.JPG,P1130492.JPG,5622,3001,950,"[0, 19, 41, 93, 80, 111, 70, 66, 24, 32, 26, 27, 2, 1, 0, 2, 6, 15, 8, 48, 50, 59, 27, 18, 7, 9, 9, 8, 0, 12, 12, 26, 4, 9, 14, 10, 2, 3, 0, 0, 0, 0]"
"20231018_Ponder_9A_6,12",P1130492.JPG,P1130493.JPG,5018,2414,677,"[0, 0, 0, 0, 0, 0, 0, 1, 13, 21, 25, 54, 31, 60, 45, 91, 67, 37, 14, 11, 0, 0, 0, 4, 3, 25, 22, 22, 3, 16, 23, 17, 16, 37, 17, 1, 0, 1, 0, 0, 0, 0]"
"20231018_Ponder_9A_6,12",P1130493.JPG,P1130494.JPG,3257,1295,521,"[0, 150, 86, 114, 47, 15, 1, 0, 0, 0, 0, 0, 0, 1, 2, 7, 8, 5, 11, 1, 0, 0, 0, 0, 0, 0, 5, 19, 1, 11, 3, 22, 12, 0, 0, 0, 0, 0, 0, 0, 0, 0]"
"20231018_Ponder_9A_6,12",P1130494.JPG,P1130495.JPG,3807,1511,616,"[26, 97, 65, 84, 49, 44, 8, 0, 0, 0, 0, 0, 0, 0, 0, 1, 12, 20, 3, 5, 8, 4, 1, 1, 2, 1, 0, 1, 14, 18, 15, 24, 15, 34, 49, 11, 4, 0, 0, 0, 0, 0]"
"20231018_Ponder_9A_6,12",P1130495.JPG,P1130496.JPG,3508,1456,617,"[0, 156, 133, 164, 55, 24, 0, 0, 0, 0, 0, 0, 0, 0, 0, 0, 0, 0, 2, 13, 9, 13, 1, 1, 0, 0, 0, 0, 0, 0, 0, 0, 0, 0, 7, 2, 7, 7, 23, 0, 0, 0]"
"20231018_Ponder_9A_6,12",P1130496.JPG,P1130497.JPG,3971,1766,530,"[0, 0, 0, 0, 0, 0, 1, 0, 3, 29, 32, 34, 7, 11, 20, 55, 28, 45, 21, 32, 8, 2, 0, 0, 0, 0, 0, 0, 0, 0, 0, 0, 0, 0, 10, 15, 42, 46, 68, 21, 0, 0]"
"20231018_Ponder_9A_6,12",P1130497.JPG,P1130498.JPG,3371,1287,375,"[0, 45, 64, 65, 41, 21, 0, 0, 0, 0, 0, 0, 0, 0, 0, 0, 3, 11, 30, 39, 0, 2, 2, 1, 4, 8, 4, 19, 13, 3, 0, 0, 0, 0, 0, 0, 0, 0, 0, 0, 0, 0]"
"20231018_Ponder_9A_6,12",P1130498.JPG,P1130499.JPG,3426,1172,371,"[0, 101, 63, 81, 26, 10, 0, 0, 0, 0, 0, 0, 0, 0, 0, 0, 1, 8, 6, 4, 0, 3, 10, 20, 1, 0, 0, 2, 4, 12, 5, 0, 3, 3, 8, 0, 0, 0, 0, 0, 0, 0]"
"20231018_Ponder_9A_6,12",P1130499.JPG,P1130500.JPG,3115,1136,364,"[0, 0, 2, 0, 7, 19, 20, 17, 2, 18, 30, 52, 31, 36, 30, 45, 14, 3, 2, 4, 0, 0, 0, 0, 0, 0, 0, 0, 0, 0, 0, 0, 0, 0, 1, 9, 18, 4, 0, 0, 0, 0]"
"20231018_Ponder_9A_6,13",P1130256.JPG,P1130257.JPG,7661,5810,3336,"[0, 78, 68, 102, 67, 67, 21, 74, 95, 144, 102, 141, 82, 48, 46, 155, 110, 177, 117, 127, 56, 50, 77, 179, 132, 159, 72, 35, 37, 99, 98, 153, 73, 39, 16, 39, 92, 61, 48, 0, 0, 0]"
"20231018_Ponder_9A_6,13",P1130257.JPG,P1130258.JPG,7660,5353,3451,"[13, 60, 88, 69, 45, 127, 80, 95, 69, 125, 73, 109, 103, 162, 96, 140, 77, 126, 83, 89, 83, 89, 35, 92, 78, 126, 90, 137, 83, 136, 69, 79, 85, 153, 90, 78, 92, 22, 5, 0, 0, 0]"
"20231018_Ponder_9A_6,13",P1130258.JPG,P1130259.JPG,6387,3841,1368,"[0, 0, 0, 3, 9, 30, 16, 4, 12, 33, 31, 62, 35, 48, 9, 8, 17, 29, 18, 23, 5, 6, 7, 27, 19, 34, 20, 14, 35, 83, 63, 113, 64, 81, 90, 81, 126, 69, 44, 0, 0, 0]"
"20231018_Ponder_9A_6,13",P1130259.JPG,P1130260.JPG,4934,2714,1106,"[0, 0, 0, 0, 3, 24, 16, 28, 22, 33, 22, 35, 22, 68, 45, 46, 10, 17, 7, 4, 0, 0, 0, 0, 0, 0, 0, 0, 8, 37, 46, 87, 66, 122, 98, 51, 67, 46, 56, 20, 0, 0]"
"20231018_Ponder_9A_6,13",P1130260.JPG,P1130261.JPG,5464,2943,1107,"[0, 0, 0, 0, 1, 0, 0, 7, 12, 16, 8, 27, 38, 62, 26, 18, 4, 0, 0, 0, 0, 0, 0, 0, 0, 0, 0, 0, 4, 19, 37, 117, 110, 156, 103, 41, 95, 87, 119, 0, 0, 0]"
"20231018_Ponder_9A_6,13",P1130261.JPG,P1130262.JPG,5215,2731,1004,"[0, 9, 7, 17, 16, 22, 10, 26, 27, 32, 19, 24, 0, 9, 8, 8, 0, 0, 0, 0, 0, 0, 0, 0, 0, 12, 26, 64, 45, 69, 43, 82, 68, 125, 100, 47, 60, 19, 10, 0, 0, 0]"
"20231018_Ponder_9A_6,13",P1130262.JPG,P1130263.JPG,4222,2152,903,"[0, 2, 6, 18, 16, 9, 0, 6, 11, 25, 13, 16, 1, 0, 0, 0, 0, 0, 0, 0, 0, 0, 0, 0, 0, 0, 6, 40, 63, 117, 72, 100, 63, 83, 69, 40, 64, 51, 12, 0, 0, 0]"
"20231018_Ponder_9A_6,13",P1130263.JPG,P1130264.JPG,4796,2391,883,"[0, 1, 14, 33, 7, 6, 2, 4, 0, 0, 1, 11, 23, 49, 18, 10, 0, 0, 0, 0, 0, 0, 0, 0, 0, 0, 0, 2, 11, 41, 23, 45, 43, 90, 113, 88, 131, 84, 33, 0, 0, 0]"
"20231018_Ponder_9A_6,13",P1130264.JPG,P1130265.JPG,4130,1966,995,"[0, 30, 43, 58, 37, 41, 12, 14, 2, 6, 1, 8, 2, 0, 1, 2, 0, 0, 0, 0, 0, 0, 0, 0, 0, 0, 0, 0, 0, 0, 24, 95, 81, 139, 153, 98, 118, 30, 0, 0, 0, 0]"
"20231018_Ponder_9A_6,13",P1130265.JPG,P1130266.JPG,4232,2037,754,"[0, 0, 0, 1, 3, 5, 17, 23, 11, 2, 0, 0, 0, 1, 4, 5, 2, 0, 0, 0, 0, 0, 0, 0, 0, 0, 0, 0, 0, 0, 3, 24, 30, 109, 114, 80, 120, 77, 123, 0, 0, 0]"
"20231018_Ponder_9A_6,13",P1130266.JPG,P1130267.JPG,4698,2315,870,"[0, 0, 0, 3, 7, 29, 7, 19, 12, 13, 4, 8, 14, 23, 18, 46, 21, 22, 4, 6, 0, 0, 0, 0, 0, 0, 0, 0, 0, 0, 0, 20, 47, 87, 109, 22, 88, 89, 152, 0, 0, 0]"
"20231018_Ponder_9A_6,15",P1120791.JPG,P1120792.JPG,7553,5693,3004,"[0, 122, 75, 80, 42, 20, 38, 87, 74, 118, 103, 144, 34, 40, 70, 164, 119, 164, 65, 30, 22, 88, 76, 132, 52, 50, 52, 123, 102, 114, 33, 42, 54, 120, 98, 66, 101, 60, 30, 0, 0, 0]"
"20231018_Ponder_9A_6,15",P1120792.JPG,P1120793.JPG,7354,5171,2803,"[0, 25, 8, 13, 7, 12, 4, 5, 0, 29, 36, 70, 49, 78, 60, 78, 48, 131, 112, 182, 115, 149, 66, 88, 57, 88, 80, 128, 89, 129, 56, 115, 80, 129, 149, 97, 103, 64, 74, 0, 0, 0]"
"20231018_Ponder_9A_6,15",P1120793.JPG,P1120794.JPG,6821,4313,1985,"[0, 2, 8, 32, 33, 31, 39, 95, 77, 79, 36, 42, 21, 32, 15, 14, 3, 22, 31, 60, 52, 110, 77, 113, 76, 87, 50, 98, 63, 95, 65, 99, 43, 47, 73, 46, 50, 37, 32, 0, 0, 0]"
"20231018_Ponder_9A_6,15",P1120794.JPG,P1120795.JPG,5878,3329,1488,"[0, 0, 0, 8, 8, 7, 4, 25, 11, 29, 25, 41, 14, 31, 38, 78, 43, 62, 16, 10, 9, 13, 6, 17, 28, 51, 44, 50, 41, 97, 62, 107, 87, 112, 97, 61, 90, 66, 0, 0, 0, 0]"
"20231018_Ponder_9A_6,15",P1120795.JPG,P1120796.JPG,5182,2772,1073,"[0, 0, 0, 0, 0, 0, 0, 4, 6, 0, 9, 34, 12, 7, 0, 9, 10, 6, 6, 16, 3, 1, 0, 1, 6, 16, 16, 44, 85, 124, 68, 83, 74, 151, 155, 70, 43, 14, 0, 0, 0, 0]"
"20231018_Ponder_9A_6,15",P1120796.JPG,P1120797.JPG,4338,2277,1152,"[0, 0, 0, 0, 0, 4, 7, 16, 9, 1, 4, 6, 2, 0, 0, 0, 3, 12, 8, 0, 0, 0, 0, 0, 0, 1, 8, 37, 33, 83, 80, 133, 71, 134, 142, 102, 128, 76, 52, 0, 0, 0]"
"20231018_Ponder_9A_6,15",P1120797.JPG,P1120798.JPG,3938,2005,1049,"[0, 0, 3, 72, 69, 89, 32, 17, 2, 8, 12, 25, 10, 0, 0, 0, 0, 0, 0, 0, 0, 0, 0, 0, 0, 0, 1, 12, 4, 10, 25, 98, 101, 134, 55, 31, 104, 73, 62, 0, 0, 0]"
"20231018_Ponder_9A_6,15",P1120798.JPG,P1120799.JPG,5178,2581,783,"[0, 0, 0, 0, 0, 2, 13, 21, 16, 36, 2, 16, 23, 80, 44, 52, 17, 3, 0, 4, 0, 1, 2, 0, 0, 0, 0, 0, 0, 0, 0, 3, 9, 56, 105, 81, 114, 19, 64, 0, 0, 0]"
"20231018_Ponder_9A_6,15",P1120799.JPG,P1120800.JPG,3629,1747,706,"[0, 7, 50, 142, 94, 61, 2, 0, 0, 0, 0, 0, 0, 0, 0, 0, 0, 0, 0, 0, 0, 0, 0, 0, 0, 0, 0, 0, 0, 0, 0, 0, 11, 18, 25, 68, 135, 75, 18, 0, 0, 0]"
"20231018_Ponder_9A_6,15",P1120800.JPG,P1120801.JPG,4132,1782,590,"[0, 0, 0, 0, 0, 0, 0, 7, 18, 69, 48, 22, 11, 46, 53, 58, 30, 16, 2, 0, 0, 4, 1, 0, 1, 1, 0, 0, 0, 0, 0, 0, 0, 12, 34, 41, 50, 11, 54, 1, 0, 0]"
"20231018_Ponder_9A_6,15",P1120801.JPG,P1120802.JPG,4629,2127,767,"[0, 123, 117, 157, 72, 17, 1, 0, 0, 0, 0, 0, 0, 0, 0, 0, 2, 1, 7, 24, 40, 52, 11, 14, 3, 1, 1, 5, 1, 20, 6, 9, 36, 38, 9, 0, 0, 0, 0, 0, 0, 0]"
"20231018_Ponder_9A_6,3",P1150607.JPG,P1150608.JPG,7823,5957,4118,"[0, 21, 21, 54, 68, 121, 72, 97, 78, 152, 110, 159, 81, 95, 71, 141, 106, 174, 95, 89, 97, 182, 135, 182, 72, 93, 119, 199, 114, 125, 59, 182, 119, 162, 65, 63, 171, 123, 51, 0, 0, 0]"
"20231018_Ponder_9A_6,3",P1150608.JPG,P1150609.JPG,7421,5613,3264,"[0, 10, 5, 19, 27, 89, 74, 133, 71, 106, 55, 82, 65, 127, 93, 154, 98, 124, 72, 114, 91, 121, 94, 127, 83, 146, 104, 150, 83, 107, 84, 126, 91, 88, 84, 47, 53, 41, 26, 0, 0, 0]"
"20231018_Ponder_9A_6,3",P1150609.JPG,P1150610.JPG,7307,5208,2612,"[14, 36, 20, 40, 47, 90, 71, 149, 89, 91, 47, 76, 69, 103, 62, 106, 76, 103, 66, 106, 50, 71, 35, 57, 44, 75, 55, 103, 64, 95, 74, 105, 81, 105, 69, 34, 30, 4, 0, 0, 0, 0]"
"20231018_Ponder_9A_6,3",P1150610.JPG,P1150611.JPG,5861,3593,1526,"[38, 117, 84, 124, 84, 113, 69, 65, 43, 59, 42, 62, 45, 60, 37, 51, 22, 32, 25, 37, 15, 17, 18, 14, 17, 9, 11, 8, 15, 26, 16, 27, 12, 22, 43, 23, 17, 7, 0, 0, 0, 0]"
"20231018_Ponder_9A_6,3",P1150611.JPG,P1150612.JPG,5219,2638,969,"[4, 109, 92, 154, 85, 123, 74, 63, 23, 31, 22, 16, 2, 0, 0, 1, 0, 0, 0, 0, 0, 1, 5, 9, 7, 7, 1, 3, 10, 13, 3, 2, 3, 21, 59, 20, 6, 0, 0, 0, 0, 0]"
"20231018_Ponder_9A_6,3",P1150612.JPG,P1150613.JPG,4067,1832,763,"[0, 38, 40, 92, 59, 103, 72, 102, 55, 62, 21, 9, 0, 2, 16, 21, 2, 3, 2, 7, 9, 16, 2, 2, 0, 2, 4, 5, 0, 1, 11, 5, 0, 0, 0, 0, 0, 0, 0, 0, 0, 0]"
"20231018_Ponder_9A_6,3",P1150613.JPG,P1150614.JPG,5256,2742,1211,"[0, 129, 127, 201, 120, 141, 56, 28, 4, 19, 18, 37, 4, 0, 0, 0, 0, 0, 0, 5, 2, 9, 4, 3, 6, 28, 14, 20, 1, 18, 18, 31, 21, 18, 24, 50, 51, 4, 0, 0, 0, 0]"
"20231018_Ponder_9A_6,3",P1150614.JPG,P1150615.JPG,4007,2038,884,"[0, 121, 105, 134, 54, 61, 43, 94, 71, 95, 36, 18, 2, 0, 0, 0, 0, 1, 6, 6, 0, 0, 2, 14, 2, 0, 0, 0, 0, 0, 0, 0, 0, 0, 0, 3, 12, 4, 0, 0, 0, 0]"
"20231018_Ponder_9A_6,3",P1150615.JPG,P1150616.JPG,4722,2264,1041,"[0, 104, 89, 139, 44, 29, 36, 129, 118, 157, 43, 20, 2, 1, 0, 0, 0, 0, 1, 0, 0, 0, 3, 17, 19, 26, 9, 3, 0, 3, 9, 1, 7, 11, 14, 5, 2, 0, 0, 0, 0, 0]"
"20231018_Ponder_9A_6,3",P1150616.JPG,P1150617.JPG,4154,1908,819,"[0, 20, 40, 134, 89, 109, 63, 92, 67, 76, 11, 5, 0, 0, 0, 0, 0, 0, 0, 0, 0, 2, 1, 2, 2, 0, 0, 2, 2, 0, 0, 8, 13, 34, 30, 12, 5, 0, 0, 0, 0, 0]"
"20231018_Ponder_9A_6,3",P1150617.JPG,P1150618.JPG,4303,2111,872,"[0, 81, 87, 134, 71, 59, 44, 111, 106, 125, 42, 12, 0, 0, 0, 0, 0, 0, 0, 0, 0, 0, 0, 0, 0, 0, 0, 0, 0, 0, 0, 0, 0, 0, 0, 0, 0, 0, 0, 0, 0, 0]"
"20231018_Ponder_9A_6,4",P1150315.JPG,P1150316.JPG,5209,2890,1416,"[2, 9, 18, 50, 49, 71, 62, 65, 62, 100, 64, 104, 62, 96, 64, 81, 40, 67, 29, 38, 27, 19, 11, 9, 17, 33, 13, 20, 1, 2, 5, 7, 10, 14, 25, 26, 39, 5, 0, 0, 0, 0]"
"20231018_Ponder_9A_6,4",P1150316.JPG,P1150317.JPG,4902,2096,828,"[0, 3, 5, 17, 9, 31, 34, 45, 41, 63, 32, 33, 31, 63, 46, 63, 34, 41, 19, 12, 9, 17, 4, 2, 11, 36, 18, 9, 8, 5, 3, 0, 0, 0, 5, 6, 18, 23, 32, 0, 0, 0]"
"20231018_Ponder_9A_6,4",P1150317.JPG,P1150318.JPG,3347,1186,494,"[0, 0, 14, 41, 23, 49, 33, 21, 15, 8, 7, 4, 3, 7, 0, 0, 0, 0, 0, 0, 0, 0, 0, 0, 0, 0, 4, 4, 0, 1, 0, 11, 20, 39, 34, 24, 42, 23, 41, 26, 0, 0]"
"20231018_Ponder_9A_6,4",P1150318.JPG,P1150319.JPG,3410,1291,522,"[0, 0, 0, 0, 0, 0, 0, 0, 0, 1, 0, 6, 8, 15, 17, 19, 2, 1, 0, 0, 0, 0, 0, 0, 0, 0, 0, 0, 0, 0, 0, 8, 22, 68, 80, 54, 73, 37, 50, 40, 21, 0]"
"20231018_Ponder_9A_6,4",P1150319.JPG,P1150320.JPG,2953,1030,409,"[0, 0, 0, 0, 1, 24, 18, 27, 3, 8, 0, 0, 0, 0, 0, 0, 0, 0, 4, 4, 1, 0, 1, 0, 0, 0, 0, 0, 1, 2, 13, 53, 49, 67, 51, 36, 35, 8, 3, 0, 0, 0]"
"20231018_Ponder_9A_6,4",P1150320.JPG,P1150321.JPG,3129,1107,446,"[0, 0, 0, 0, 1, 18, 17, 21, 14, 5, 2, 0, 0, 0, 0, 0, 0, 0, 0, 0, 0, 9, 10, 22, 16, 19, 18, 27, 8, 1, 0, 3, 10, 20, 23, 24, 39, 44, 53, 22, 0, 0]"
"20231018_Ponder_9A_6,4",P1150321.JPG,P1150322.JPG,2566,842,381,"[0, 4, 10, 16, 7, 1, 4, 11, 0, 0, 1, 0, 0, 2, 9, 24, 8, 13, 1, 3, 3, 11, 5, 1, 0, 0, 0, 0, 0, 0, 0, 0, 0, 0, 2, 18, 65, 62, 78, 22, 0, 0]"
"20231018_Ponder_9A_6,4",P1150322.JPG,P1150323.JPG,3519,1446,502,"[0, 0, 0, 0, 0, 0, 0, 0, 0, 1, 1, 10, 14, 49, 28, 26, 11, 24, 15, 26, 12, 1, 0, 1, 0, 3, 2, 0, 0, 0, 0, 0, 1, 28, 39, 42, 68, 50, 50, 0, 0, 0]"
"20231018_Ponder_9A_6,4",P1150323.JPG,P1150324.JPG,3818,1614,580,"[0, 0, 0, 2, 7, 11, 6, 8, 6, 7, 9, 20, 21, 31, 18, 16, 2, 1, 0, 0, 0, 0, 2, 0, 0, 0, 0, 0, 0, 8, 15, 23, 17, 19, 64, 56, 93, 59, 59, 0, 0, 0]"
"20231018_Ponder_9A_6,4",P1150324.JPG,P1150325.JPG,3591,1404,498,"[0, 0, 0, 0, 0, 0, 0, 0, 0, 1, 3, 19, 18, 19, 12, 4, 0, 0, 0, 0, 0, 0, 0, 0, 0, 0, 0, 8, 9, 1, 8, 43, 34, 54, 48, 12, 91, 45, 69, 0, 0, 0]"
"20231018_Ponder_9A_6,4",P1150325.JPG,P1150326.JPG,4568,1895,706,"[0, 1, 12, 55, 59, 66, 27, 37, 25, 12, 0, 0, 0, 5, 15, 29, 17, 4, 1, 0, 0, 0, 0, 0, 1, 6, 9, 6, 4, 23, 28, 54, 45, 51, 54, 36, 21, 2, 1, 0, 0, 0]"
"20231018_Ponder_9A_6,5",P1150033.JPG,P1150034.JPG,7240,5291,2775,"[0, 38, 78, 133, 84, 98, 69, 77, 22, 80, 82, 133, 97, 133, 52, 30, 42, 100, 71, 101, 45, 38, 19, 70, 62, 99, 62, 62, 57, 147, 101, 139, 56, 61, 93, 55, 64, 15, 10, 0, 0, 0]"
"20231018_Ponder_9A_6,5",P1150034.JPG,P1150035.JPG,6278,3729,1638,"[0, 1, 0, 4, 4, 32, 36, 85, 50, 78, 52, 57, 21, 29, 9, 17, 22, 66, 27, 50, 38, 65, 32, 25, 2, 21, 27, 81, 68, 104, 57, 53, 26, 103, 155, 90, 46, 5, 0, 0, 0, 0]"
"20231018_Ponder_9A_6,5",P1150035.JPG,P1150036.JPG,4877,2469,1043,"[6, 20, 18, 25, 20, 24, 6, 7, 1, 2, 5, 4, 7, 18, 22, 19, 7, 1, 0, 0, 0, 0, 0, 0, 0, 5, 14, 41, 30, 60, 48, 75, 48, 68, 64, 66, 135, 94, 83, 0, 0, 0]"
"20231018_Ponder_9A_6,5",P1150036.JPG,P1150037.JPG,4613,2315,1132,"[0, 1, 0, 0, 0, 13, 6, 13, 30, 70, 51, 47, 19, 8, 1, 0, 0, 1, 0, 0, 2, 13, 10, 6, 3, 0, 3, 9, 9, 47, 71, 114, 70, 78, 119, 100, 129, 62, 27, 0, 0, 0]"
"20231018_Ponder_9A_6,5",P1150037.JPG,P1150038.JPG,6011,3316,1155,"[0, 9, 33, 78, 36, 33, 6, 2, 3, 6, 9, 25, 17, 15, 13, 23, 5, 22, 30, 25, 6, 42, 33, 29, 5, 27, 17, 29, 42, 67, 51, 79, 53, 75, 76, 53, 73, 8, 0, 0, 0, 0]"
"20231018_Ponder_9A_6,5",P1150038.JPG,P1150039.JPG,5432,2900,1119,"[0, 0, 0, 3, 15, 29, 8, 8, 11, 0, 1, 3, 5, 5, 3, 8, 1, 10, 23, 48, 31, 27, 11, 29, 39, 48, 26, 28, 10, 31, 44, 85, 50, 81, 116, 77, 102, 63, 40, 0, 0, 0]"
"20231018_Ponder_9A_6,5",P1150039.JPG,P1150040.JPG,3469,1603,547,"[33, 106, 60, 64, 13, 0, 0, 0, 0, 0, 0, 0, 0, 0, 0, 0, 0, 0, 0, 0, 0, 0, 0, 0, 0, 0, 0, 0, 0, 0, 0, 1, 1, 60, 81, 40, 39, 38, 11, 0, 0, 0]"
"20231018_Ponder_9A_6,5",P1150040.JPG,P1150041.JPG,2940,1271,532,"[0, 62, 55, 81, 25, 10, 0, 0, 0, 0, 0, 0, 0, 0, 0, 0, 0, 0, 0, 0, 0, 0, 0, 0, 0, 0, 0, 2, 0, 0, 0, 0, 0, 16, 58, 50, 75, 46, 52, 0, 0, 0]"
"20231018_Ponder_9A_6,5",P1150041.JPG,P1150042.JPG,3475,1567,659,"[0, 91, 88, 67, 13, 1, 0, 0, 0, 0, 0, 0, 0, 0, 0, 0, 0, 0, 0, 0, 0, 0, 0, 0, 0, 0, 0, 0, 0, 0, 0, 0, 0, 2, 10, 17, 112, 104, 154, 0, 0, 0]"
"20231018_Ponder_9A_6,5",P1150042.JPG,P1150043.JPG,2919,1173,401,"[0, 56, 71, 70, 9, 1, 0, 0, 0, 0, 0, 0, 0, 0, 0, 0, 0, 0, 2, 11, 2, 0, 0, 0, 0, 0, 0, 0, 0, 0, 0, 0, 0, 2, 17, 17, 52, 46, 45, 0, 0, 0]"
"20231018_Ponder_9A_6,5",P1150043.JPG,P1150044.JPG,2809,1079,351,"[0, 0, 0, 0, 0, 3, 0, 3, 8, 9, 16, 13, 1, 0, 0, 9, 14, 7, 3, 1, 0, 0, 0, 2, 0, 0, 0, 0, 0, 0, 0, 0, 0, 0, 14, 52, 114, 36, 46, 0, 0, 0]"
"20231018_Ponder_9A_6,8",P1140349.JPG,P1140350.JPG,5873,3912,2261,"[0, 26, 39, 56, 52, 65, 63, 81, 66, 88, 69, 142, 114, 151, 78, 83, 43, 94, 94, 144, 91, 78, 17, 17, 43, 96, 74, 87, 35, 40, 4, 27, 15, 16, 29, 20, 12, 5, 7, 0, 0, 0]"
"20231018_Ponder_9A_6,8",P1140350.JPG,P1140351.JPG,6442,3954,1916,"[20, 68, 48, 77, 50, 66, 36, 84, 55, 78, 65, 84, 42, 50, 43, 60, 41, 68, 53, 76, 44, 45, 18, 36, 32, 68, 42, 57, 28, 34, 46, 90, 48, 41, 30, 25, 37, 31, 0, 0, 0, 0]"
"20231018_Ponder_9A_6,8",P1140351.JPG,P1140352.JPG,5128,2668,947,"[0, 1, 7, 28, 8, 3, 21, 105, 60, 75, 33, 15, 8, 57, 52, 48, 14, 3, 6, 14, 14, 8, 2, 13, 9, 11, 3, 4, 11, 19, 5, 4, 7, 33, 78, 26, 33, 50, 59, 0, 0, 0]"
"20231018_Ponder_9A_6,8",P1140352.JPG,P1140353.JPG,4958,2422,1057,"[0, 0, 1, 9, 18, 44, 53, 61, 15, 20, 8, 5, 5, 0, 3, 6, 11, 30, 14, 42, 41, 55, 18, 17, 1, 6, 2, 14, 19, 21, 10, 17, 27, 58, 65, 50, 80, 50, 80, 60, 21, 0]"
"20231018_Ponder_9A_6,8",P1140353.JPG,P1140354.JPG,3615,1540,642,"[0, 0, 3, 37, 30, 30, 27, 18, 5, 7, 2, 0, 2, 6, 3, 9, 6, 8, 0, 6, 0, 0, 0, 0, 0, 0, 0, 0, 2, 37, 32, 42, 25, 82, 78, 48, 24, 32, 41, 0, 0, 0]"
"20231018_Ponder_9A_6,8",P1140354.JPG,P1140355.JPG,3703,1536,664,"[2, 16, 14, 41, 37, 55, 27, 23, 8, 3, 15, 25, 5, 15, 24, 9, 3, 2, 3, 1, 0, 0, 0, 0, 0, 2, 0, 1, 2, 17, 29, 55, 30, 48, 53, 36, 48, 15, 0, 0, 0, 0]"
"20231018_Ponder_9A_6,8",P1140355.JPG,P1140356.JPG,3127,1121,423,"[0, 0, 0, 0, 5, 12, 20, 36, 23, 19, 1, 5, 1, 5, 6, 10, 5, 6, 5, 3, 3, 0, 0, 0, 0, 0, 0, 0, 0, 0, 0, 12, 23, 44, 57, 44, 63, 15, 0, 0, 0, 0]"
"20231018_Ponder_9A_6,8",P1140356.JPG,P1140357.JPG,3438,1437,495,"[0, 0, 0, 0, 2, 11, 28, 27, 29, 17, 11, 29, 17, 6, 4, 4, 5, 14, 8, 7, 0, 1, 0, 0, 0, 0, 0, 0, 0, 0, 1, 0, 0, 6, 49, 64, 93, 48, 14, 0, 0, 0]"
"20231018_Ponder_9A_6,8",P1140357.JPG,P1140358.JPG,3784,1485,621,"[0, 0, 0, 5, 11, 19, 32, 71, 59, 66, 26, 23, 8, 12, 1, 4, 7, 0, 2, 8, 11, 17, 4, 0, 0, 0, 0, 0, 0, 0, 0, 0, 0, 2, 10, 44, 78, 48, 53, 0, 0, 0]"
"20231018_Ponder_9A_6,8",P1140358.JPG,P1140359.JPG,3827,1502,508,"[0, 0, 0, 7, 24, 67, 54, 37, 9, 25, 28, 37, 6, 3, 2, 1, 0, 3, 0, 5, 4, 9, 9, 2, 0, 0, 0, 0, 0, 0, 0, 4, 3, 7, 30, 34, 72, 25, 1, 0, 0, 0]"
"20231018_Ponder_9A_6,8",P1140359.JPG,P1140360.JPG,3689,1401,568,"[0, 0, 0, 17, 28, 22, 7, 9, 0, 12, 35, 40, 20, 28, 4, 0, 19, 23, 9, 1, 0, 0, 0, 0, 0, 0, 0, 0, 0, 0, 1, 4, 9, 26, 10, 38, 87, 53, 66, 0, 0, 0]"
